movie_code,imdb_score,imdb_score_class
1,7.9,Good
2,7.1,Good
3,6.8,Good
4,8.5,Excellent
5,6.6,Good
6,6.2,Good
7,7.8,Good
8,7.5,Good
9,7.5,Good
10,6.9,Good
11,6.1,Good
12,6.7,Good
13,7.3,Good
14,6.5,Good
15,7.2,Good
16,6.6,Good
17,8.1,Excellent
18,6.7,Good
19,6.8,Good
20,7.5,Good
21,7,Good
22,6.7,Good
23,7.9,Good
24,6.1,Good
25,7.2,Good
26,7.7,Good
27,8.2,Excellent
28,5.9,Fair
29,7,Good
30,7.8,Good
31,7.3,Good
32,7.2,Good
33,6.5,Good
34,6.8,Good
35,7.3,Good
36,6,Fair
37,5.7,Fair
38,6.4,Good
39,6.7,Good
40,6.8,Good
41,6.3,Good
42,5.6,Fair
43,8.3,Excellent
44,6.6,Good
45,7.2,Good
46,7,Good
47,8,Good
48,7.8,Good
49,6.3,Good
50,7.3,Good
51,6.6,Good
52,7,Good
53,6.3,Good
54,6.2,Good
55,6.8,Good
56,7.2,Good
57,7.5,Good
58,8.4,Excellent
59,6.2,Good
60,5.8,Fair
61,6.8,Good
62,5.4,Fair
63,6.6,Good
64,6.9,Good
65,7.3,Good
66,9,Excellent
67,8.3,Excellent
68,6.5,Good
69,7.9,Good
70,7.5,Good
71,4.8,Fair
72,5.2,Fair
73,6.9,Good
74,5.4,Fair
75,7.9,Good
76,6.1,Good
77,5.8,Fair
78,8.3,Excellent
79,7.8,Good
80,7,Good
81,6.1,Good
82,7,Good
83,7.6,Good
84,4.5,Fair
85,6.3,Good
86,7.8,Good
87,6.4,Good
88,6.5,Good
89,7.9,Good
90,7.8,Good
91,6.6,Good
92,5.5,Fair
93,8.2,Excellent
94,6.4,Good
95,8.1,Excellent
96,8.6,Excellent
97,8.8,Excellent
98,8.2,Excellent
99,7.9,Good
100,6.7,Good
101,7.8,Good
102,7.8,Good
103,6.6,Good
104,6.1,Good
105,5.6,Fair
106,6.4,Good
107,6.1,Good
108,7.3,Good
109,6.6,Good
110,6.3,Good
111,6.1,Good
112,7.1,Good
113,5.5,Fair
114,7.5,Good
115,7.6,Good
116,6.4,Good
117,7.2,Good
118,6.7,Good
119,8,Good
120,8.3,Excellent
121,6.7,Good
122,5.9,Fair
123,6.7,Good
124,6.7,Good
125,7.6,Good
126,7.2,Good
127,7.1,Good
128,8.1,Excellent
129,6.7,Good
130,7,Good
131,6.9,Good
132,5.1,Fair
133,5.8,Fair
134,6.2,Good
135,7.4,Good
136,5.8,Fair
137,6.6,Good
138,6.2,Good
139,7.3,Good
140,4.2,Fair
141,6.9,Good
142,6.4,Good
143,5.4,Fair
144,6.7,Good
145,5.8,Fair
146,6.9,Good
147,7.2,Good
148,6.9,Good
149,6.1,Good
150,5.5,Fair
151,6.6,Good
152,6.1,Good
153,6.3,Good
154,7.2,Good
155,7.4,Good
156,7.3,Good
157,6.1,Good
158,7.7,Good
159,6.1,Good
160,8,Good
161,7.3,Good
162,7.9,Good
163,5.5,Fair
164,5,Fair
165,7.7,Good
166,6.6,Good
167,5.7,Fair
168,5.8,Fair
169,6,Fair
170,6.4,Good
171,6.9,Good
172,6.4,Good
173,7.4,Good
174,5.5,Fair
175,5.9,Fair
176,6.8,Good
177,7.5,Good
178,6.8,Good
179,8.1,Excellent
180,6.5,Good
181,7.2,Good
182,6.7,Good
183,8.1,Excellent
184,7.6,Good
185,7.4,Good
186,7.6,Good
187,5.5,Fair
188,6.7,Good
189,6.5,Good
190,6.6,Good
191,6.7,Good
192,6.4,Good
193,5.8,Fair
194,7.4,Good
195,7.8,Good
196,6.6,Good
197,4.9,Fair
198,6.5,Good
199,7.5,Good
200,6.2,Good
201,7.3,Good
202,7.5,Good
203,5.6,Fair
204,8.2,Excellent
205,8.1,Excellent
206,6.4,Good
207,6.7,Good
208,6.6,Good
209,6.4,Good
210,7.5,Good
211,7.3,Good
212,7.5,Good
213,5.8,Fair
214,7.5,Good
215,6.6,Good
216,6.7,Good
217,3.7,Bad
218,6,Fair
219,6.4,Good
220,6.1,Good
221,6.4,Good
222,5.6,Fair
223,8,Good
224,5.2,Fair
225,7.1,Good
226,4.8,Fair
227,7,Good
228,5.4,Fair
229,6.6,Good
230,6.7,Good
231,6.2,Good
232,6.1,Good
233,5.3,Fair
234,6.3,Good
235,7,Good
236,7.6,Good
237,6.7,Good
238,8.1,Excellent
239,6.7,Good
240,6.5,Good
241,7.3,Good
242,5.1,Fair
243,6,Fair
244,6.1,Good
245,5.9,Fair
246,7.8,Good
247,5.8,Fair
248,6.3,Good
249,4.3,Fair
250,6.4,Good
251,6.1,Good
252,6.5,Good
253,7.1,Good
254,6.4,Good
255,6.5,Good
256,6.3,Good
257,7.5,Good
258,4.9,Fair
259,5.8,Fair
260,7.6,Good
261,6.2,Good
262,5.5,Fair
263,5.4,Fair
264,5.8,Fair
265,7.1,Good
266,5.4,Fair
267,3.7,Bad
268,6.7,Good
269,7.2,Good
270,8.8,Excellent
271,5.8,Fair
272,6.8,Good
273,3.8,Bad
274,7.1,Good
275,7.2,Good
276,5.9,Fair
277,7.1,Good
278,8.1,Excellent
279,7.2,Good
280,6.9,Good
281,4.4,Fair
282,6.5,Good
283,8.5,Excellent
284,7.7,Good
285,7.4,Good
286,8,Good
287,5.7,Fair
288,8.5,Excellent
289,7,Good
290,7.8,Good
291,7.2,Good
292,6.4,Good
293,5.5,Fair
294,6.7,Good
295,6.1,Good
296,8.5,Excellent
297,6.9,Good
298,7.3,Good
299,6.7,Good
300,6.9,Good
301,5.1,Fair
302,6.8,Good
303,5.8,Fair
304,6.7,Good
305,6,Fair
306,5.7,Fair
307,8,Good
308,8.2,Excellent
309,5.4,Fair
310,7.2,Good
311,7.5,Good
312,7,Good
313,3.3,Bad
314,6,Fair
315,7.1,Good
316,5.4,Fair
317,6.1,Good
318,5.3,Fair
319,2.2,Bad
320,7,Good
321,3.8,Bad
322,6.9,Good
323,7.2,Good
324,7.3,Good
325,6.3,Good
326,7.5,Good
327,7.6,Good
328,6.8,Good
329,5.2,Fair
330,7.7,Good
331,6.2,Good
332,7.7,Good
333,4.3,Fair
334,6.9,Good
335,6.6,Good
336,7,Good
337,6.7,Good
338,8.2,Excellent
339,8.9,Excellent
340,8.7,Excellent
341,5.5,Fair
342,5.7,Fair
343,6.3,Good
344,5.9,Fair
345,7.6,Good
346,6.6,Good
347,5.3,Fair
348,6,Fair
349,8,Good
350,5.6,Fair
351,5.9,Fair
352,7.3,Good
353,7.9,Good
354,6.8,Good
355,6.6,Good
356,6.6,Good
357,7,Good
358,7,Good
359,7.3,Good
360,5.5,Fair
361,8.5,Excellent
362,7.5,Good
363,7,Good
364,7.8,Good
365,7.6,Good
366,7.6,Good
367,6.1,Good
368,6.8,Good
369,5,Fair
370,7.1,Good
371,5.5,Fair
372,5.6,Fair
373,7.1,Good
374,4.9,Fair
375,7.4,Good
376,5.7,Fair
377,6.4,Good
378,5.9,Fair
379,5.5,Fair
380,6.9,Good
381,6.2,Good
382,7,Good
383,5.6,Fair
384,7,Good
385,6.8,Good
386,5.4,Fair
387,6.1,Good
388,6.7,Good
389,4.3,Fair
390,6.9,Good
391,8,Good
392,4.4,Fair
393,7.3,Good
394,6.3,Good
395,6.7,Good
396,7.7,Good
397,6.5,Good
398,7.8,Good
399,6.4,Good
400,7.8,Good
401,5.8,Fair
402,7.1,Good
403,7.1,Good
404,8.6,Excellent
405,6.8,Good
406,4.8,Fair
407,6.2,Good
408,6.9,Good
409,7.3,Good
410,6.6,Good
411,6.9,Good
412,6.2,Good
413,6.7,Good
414,7.6,Good
415,6.7,Good
416,6.2,Good
417,7.3,Good
418,6,Fair
419,7.1,Good
420,7.1,Good
421,5.5,Fair
422,7.8,Good
423,5.6,Fair
424,7.5,Good
425,5.4,Fair
426,4.3,Fair
427,4.9,Fair
428,7.1,Good
429,6.4,Good
430,6.9,Good
431,4.3,Fair
432,6.1,Good
433,7,Good
434,7.7,Good
435,5.9,Fair
436,6.7,Good
437,6.5,Good
438,7.1,Good
439,7.3,Good
440,6.5,Good
441,7,Good
442,6.8,Good
443,7.2,Good
444,6.4,Good
445,6.1,Good
446,6.7,Good
447,6.4,Good
448,4.4,Fair
449,5.4,Fair
450,6.5,Good
451,6.7,Good
452,8.1,Excellent
453,5.6,Fair
454,6.3,Good
455,7.3,Good
456,6.1,Good
457,7.7,Good
458,6.4,Good
459,8.8,Excellent
460,6.8,Good
461,6.6,Good
462,7.2,Good
463,6.9,Good
464,5.2,Fair
465,4.9,Fair
466,6.3,Good
467,5.6,Fair
468,5.5,Fair
469,6.7,Good
470,7.6,Good
471,5.7,Fair
472,4.6,Fair
473,7,Good
474,5.2,Fair
475,5.1,Fair
476,6.6,Good
477,7,Good
478,6.7,Good
479,7.6,Good
480,7.3,Good
481,5.9,Fair
482,5.6,Fair
483,6.5,Good
484,5.9,Fair
485,7,Good
486,5.3,Fair
487,5.9,Fair
488,6.3,Good
489,6.4,Good
490,6.9,Good
491,6.3,Good
492,7.3,Good
493,5.8,Fair
494,5.2,Fair
495,2.4,Bad
496,5.7,Fair
497,5.8,Fair
498,5.6,Fair
499,6,Fair
500,5.8,Fair
501,6,Fair
502,5.7,Fair
503,6,Fair
504,7.8,Good
505,4.2,Fair
506,5.6,Fair
507,4.4,Fair
508,8.2,Excellent
509,8.5,Excellent
510,5.8,Fair
511,6.5,Good
512,7.2,Good
513,6.7,Good
514,3.4,Bad
515,5.9,Fair
516,7.8,Good
517,5.9,Fair
518,4.1,Fair
519,6.8,Good
520,5.8,Fair
521,7.5,Good
522,6.9,Good
523,6.5,Good
524,6.9,Good
525,7.9,Good
526,7.4,Good
527,6.7,Good
528,7.4,Good
529,6.9,Good
530,6.8,Good
531,6.7,Good
532,5.1,Fair
533,4.1,Fair
534,7.3,Good
535,6,Fair
536,7.3,Good
537,7.5,Good
538,5.4,Fair
539,5.9,Fair
540,7.1,Good
541,6,Fair
542,6.5,Good
543,8.3,Excellent
544,5.7,Fair
545,7.6,Good
546,6.6,Good
547,5.4,Fair
548,7.3,Good
549,6.5,Good
550,6.6,Good
551,6.6,Good
552,5.9,Fair
553,6.7,Good
554,6.1,Good
555,6.6,Good
556,6.6,Good
557,5.3,Fair
558,6,Fair
559,6,Fair
560,4.7,Fair
561,6.1,Good
562,7.2,Good
563,6.4,Good
564,6.1,Good
565,5.9,Fair
566,6,Fair
567,6.3,Good
568,5.6,Fair
569,6.4,Good
570,7.1,Good
571,6.6,Good
572,4.6,Fair
573,8.4,Excellent
574,7.1,Good
575,7.4,Good
576,6.9,Good
577,4.5,Fair
578,7.1,Good
579,6.5,Good
580,5.3,Fair
581,6.7,Good
582,7.2,Good
583,7.2,Good
584,5.5,Fair
585,5.8,Fair
586,6,Fair
587,6.6,Good
588,8.3,Excellent
589,6.7,Good
590,6,Fair
591,7.1,Good
592,6,Fair
593,7.5,Good
594,6.9,Good
595,5.6,Fair
596,5.6,Fair
597,4.5,Fair
598,7.1,Good
599,6.5,Good
600,6.4,Good
601,5.8,Fair
602,8,Good
603,6.2,Good
604,7.2,Good
605,6.1,Good
606,7.6,Good
607,6.3,Good
608,6.3,Good
609,6.3,Good
610,7.7,Good
611,7,Good
612,5.3,Fair
613,5.6,Fair
614,5.2,Fair
615,5.4,Fair
616,6.4,Good
617,5.9,Fair
618,6.3,Good
619,6.5,Good
620,3,Bad
621,3.6,Bad
622,5.8,Fair
623,6.2,Good
624,5.6,Fair
625,5.4,Fair
626,6.1,Good
627,4.2,Fair
628,6.7,Good
629,4.2,Fair
630,6.4,Good
631,4.9,Fair
632,6.8,Good
633,7.7,Good
634,5.6,Fair
635,6.4,Good
636,7.2,Good
637,6,Fair
638,5.9,Fair
639,7.9,Good
640,6.8,Good
641,7.1,Good
642,5.9,Fair
643,5.9,Fair
644,6.2,Good
645,7.4,Good
646,7,Good
647,5.4,Fair
648,8.6,Excellent
649,6.5,Good
650,6.4,Good
651,7.6,Good
652,5.5,Fair
653,7.4,Good
654,8.7,Excellent
655,7.6,Good
656,7.5,Good
657,5.5,Fair
658,7.6,Good
659,6.5,Good
660,6.9,Good
661,6.7,Good
662,6.6,Good
663,7.2,Good
664,6.4,Good
665,6.4,Good
666,6,Fair
667,6.1,Good
668,6,Fair
669,6.4,Good
670,6.4,Good
671,7.3,Good
672,5.2,Fair
673,6.6,Good
674,6.3,Good
675,5.9,Fair
676,6.4,Good
677,6.7,Good
678,5.4,Fair
679,6.4,Good
680,6.7,Good
681,6.2,Good
682,6.1,Good
683,8.8,Excellent
684,7.1,Good
685,8.1,Excellent
686,5.7,Fair
687,5,Fair
688,5.1,Fair
689,6.9,Good
690,4.8,Fair
691,6.5,Good
692,5.1,Fair
693,7.1,Good
694,7.5,Good
695,6.2,Good
696,6.3,Good
697,8.1,Excellent
698,6.6,Good
699,6.9,Good
700,6.1,Good
701,4.3,Fair
702,6.6,Good
703,6.8,Good
704,3.8,Bad
705,5.9,Fair
706,7.9,Good
707,6.3,Good
708,5.5,Fair
709,7.7,Good
710,6.3,Good
711,7.1,Good
712,8.5,Excellent
713,5.9,Fair
714,5.8,Fair
715,8.1,Excellent
716,7.9,Good
717,7.2,Good
718,6.3,Good
719,8.1,Excellent
720,7,Good
721,5.5,Fair
722,6.7,Good
723,5.2,Fair
724,7,Good
725,6.1,Good
726,6.6,Good
727,5.5,Fair
728,5.9,Fair
729,5.4,Fair
730,6.4,Good
731,5.7,Fair
732,6.7,Good
733,7.1,Good
734,6.8,Good
735,6.5,Good
736,7.6,Good
737,5.5,Fair
738,6.5,Good
739,7,Good
740,5.8,Fair
741,7.3,Good
742,6.6,Good
743,4.4,Fair
744,7.7,Good
745,5,Fair
746,7.7,Good
747,4.4,Fair
748,6.1,Good
749,5.4,Fair
750,6.8,Good
751,6.5,Good
752,7,Good
753,6.3,Good
754,6.3,Good
755,6.1,Good
756,6.1,Good
757,7.3,Good
758,5.3,Fair
759,5.4,Fair
760,6.2,Good
761,6.6,Good
762,5.9,Fair
763,6.3,Good
764,7.2,Good
765,6.8,Good
766,6.1,Good
767,7.8,Good
768,5,Fair
769,6.2,Good
770,6.7,Good
771,4.9,Fair
772,7.4,Good
773,7.1,Good
774,6.2,Good
775,4.9,Fair
776,6.1,Good
777,6.1,Good
778,6.4,Good
779,6.3,Good
780,6.8,Good
781,6.6,Good
782,5.7,Fair
783,5.9,Fair
784,6,Fair
785,6.1,Good
786,6.7,Good
787,6.7,Good
788,7.9,Good
789,5,Fair
790,4.3,Fair
791,5.7,Fair
792,6.7,Good
793,6.7,Good
794,8.1,Excellent
795,6.1,Good
796,5.6,Fair
797,6.6,Good
798,6.9,Good
799,4.8,Fair
800,6.2,Good
801,6,Fair
802,4.9,Fair
803,5.6,Fair
804,6.1,Good
805,6.1,Good
806,4.8,Fair
807,5.5,Fair
808,3.8,Bad
809,6.5,Good
810,6,Fair
811,6.7,Good
812,8.1,Excellent
813,4.9,Fair
814,7.3,Good
815,6.4,Good
816,6.6,Good
817,6.7,Good
818,3.6,Bad
819,5.7,Fair
820,6,Fair
821,4.9,Fair
822,4.7,Fair
823,6.3,Good
824,5.9,Fair
825,5.9,Fair
826,7,Good
827,7.5,Good
828,5.6,Fair
829,6.4,Good
830,6.3,Good
831,4.3,Fair
832,5.9,Fair
833,6.7,Good
834,5.5,Fair
835,6.2,Good
836,8.8,Excellent
837,5.2,Fair
838,7,Good
839,6.6,Good
840,7.3,Good
841,5.6,Fair
842,6.6,Good
843,5.4,Fair
844,6.3,Good
845,7.9,Good
846,6.3,Good
847,6,Fair
848,7.2,Good
849,5.1,Fair
850,7.3,Good
851,8,Good
852,6.2,Good
853,6,Fair
854,6.7,Good
855,8.1,Excellent
856,6.4,Good
857,8.4,Excellent
858,8,Good
859,6.3,Good
860,6.4,Good
861,6.6,Good
862,6.4,Good
863,6,Fair
864,6.6,Good
865,5.9,Fair
866,6.4,Good
867,6.3,Good
868,7.3,Good
869,6.8,Good
870,7.2,Good
871,5.7,Fair
872,6,Fair
873,6.5,Good
874,5.8,Fair
875,5.8,Fair
876,6.7,Good
877,7.8,Good
878,5.6,Fair
879,5.8,Fair
880,7.4,Good
881,6.9,Good
882,5.5,Fair
883,6.3,Good
884,4.7,Fair
885,5.6,Fair
886,6.4,Good
887,4.2,Fair
888,6.4,Good
889,7.7,Good
890,7.7,Good
891,5.3,Fair
892,6.7,Good
893,7.7,Good
894,5.7,Fair
895,7.6,Good
896,6.4,Good
897,5.6,Fair
898,6.8,Good
899,2.4,Bad
900,6.2,Good
901,5.9,Fair
902,7.1,Good
903,7.6,Good
904,5.5,Fair
905,7,Good
906,7.1,Good
907,7.4,Good
908,7.6,Good
909,5.9,Fair
910,5.9,Fair
911,8,Good
912,7.4,Good
913,5.8,Fair
914,6.3,Good
915,5.7,Fair
916,5.1,Fair
917,7.6,Good
918,6.4,Good
919,7.4,Good
920,8.2,Excellent
921,6.5,Good
922,5.5,Fair
923,6.5,Good
924,5.6,Fair
925,4.9,Fair
926,4.6,Fair
927,7.9,Good
928,7.1,Good
929,6.9,Good
930,7.3,Good
931,7,Good
932,7.7,Good
933,6.7,Good
934,6.3,Good
935,5.8,Fair
936,7.1,Good
937,7.3,Good
938,6.4,Good
939,7.1,Good
940,7.6,Good
941,6.8,Good
942,6.6,Good
943,6.7,Good
944,6.1,Good
945,6,Fair
946,7.6,Good
947,7.1,Good
948,5,Fair
949,7.1,Good
950,6.2,Good
951,5.6,Fair
952,5.4,Fair
953,7.4,Good
954,5,Fair
955,5.2,Fair
956,7.6,Good
957,6.6,Good
958,7,Good
959,5.7,Fair
960,8.2,Excellent
961,6.2,Good
962,7.9,Good
963,6.6,Good
964,4.7,Fair
965,6.3,Good
966,6.1,Good
967,6.7,Good
968,6.1,Good
969,7,Good
970,7.4,Good
971,7.3,Good
972,5.8,Fair
973,6.7,Good
974,5.8,Fair
975,7.8,Good
976,6.6,Good
977,6.5,Good
978,6.7,Good
979,7.3,Good
980,5.8,Fair
981,5.5,Fair
982,6.3,Good
983,7.4,Good
984,5.9,Fair
985,6.2,Good
986,5.9,Fair
987,6.5,Good
988,4.4,Fair
989,3.5,Bad
990,6.6,Good
991,6,Fair
992,6.4,Good
993,6.5,Good
994,7.8,Good
995,4.3,Fair
996,4.2,Fair
997,6.5,Good
998,6.1,Good
999,6.3,Good
1000,6.2,Good
1001,5.9,Fair
1002,5.9,Fair
1003,6.5,Good
1004,6.4,Good
1005,6.5,Good
1006,5.7,Fair
1007,7.5,Good
1008,8,Good
1009,7.3,Good
1010,6.7,Good
1011,7.5,Good
1012,5.4,Fair
1013,6.6,Good
1014,7.7,Good
1015,5.8,Fair
1016,6.4,Good
1017,5.6,Fair
1018,6,Fair
1019,6.2,Good
1020,5.9,Fair
1021,5.1,Fair
1022,6.8,Good
1023,7,Good
1024,6,Fair
1025,5.1,Fair
1026,5.8,Fair
1027,6.2,Good
1028,6.4,Good
1029,4.8,Fair
1030,4.9,Fair
1031,5.6,Fair
1032,5.5,Fair
1033,3.7,Bad
1034,5.9,Fair
1035,8.5,Excellent
1036,6.3,Good
1037,7.4,Good
1038,7.6,Good
1039,8.3,Excellent
1040,6.6,Good
1041,6.9,Good
1042,6.7,Good
1043,6.8,Good
1044,4.6,Fair
1045,7.1,Good
1046,6.4,Good
1047,6.4,Good
1048,7.4,Good
1049,6.4,Good
1050,6,Fair
1051,6.5,Good
1052,7.8,Good
1053,6,Fair
1054,7,Good
1055,6,Fair
1056,7.8,Good
1057,6.1,Good
1058,6.8,Good
1059,6.4,Good
1060,7.7,Good
1061,8.1,Excellent
1062,4.5,Fair
1063,5.8,Fair
1064,6.3,Good
1065,5.7,Fair
1066,7.2,Good
1067,7.6,Good
1068,4.7,Fair
1069,6.6,Good
1070,6.8,Good
1071,7.3,Good
1072,2.7,Bad
1073,4.8,Fair
1074,6.3,Good
1075,5.5,Fair
1076,6.2,Good
1077,5.8,Fair
1078,5.7,Fair
1079,6.5,Good
1080,6.7,Good
1081,7.4,Good
1082,6.9,Good
1083,5.5,Fair
1084,8.1,Excellent
1085,7.7,Good
1086,7.3,Good
1087,5.2,Fair
1088,7.1,Good
1089,7.1,Good
1090,7.2,Good
1091,6.5,Good
1092,4.6,Fair
1093,5.6,Fair
1094,7.7,Good
1095,7.2,Good
1096,6.8,Good
1097,5.4,Fair
1098,6.3,Good
1099,7.2,Good
1100,5.6,Fair
1101,6.8,Good
1102,4.3,Fair
1103,6.3,Good
1104,6.5,Good
1105,6.4,Good
1106,6.3,Good
1107,5.9,Fair
1108,6.5,Good
1109,6.5,Good
1110,6.1,Good
1111,5.9,Fair
1112,6.6,Good
1113,7.4,Good
1114,7.3,Good
1115,6.6,Good
1116,5.6,Fair
1117,5.3,Fair
1118,6,Fair
1119,5.4,Fair
1120,6.8,Good
1121,6.4,Good
1122,7.1,Good
1123,4.9,Fair
1124,5.8,Fair
1125,7.1,Good
1126,7.2,Good
1127,6,Fair
1128,6,Fair
1129,7,Good
1130,5.4,Fair
1131,6.5,Good
1132,6.4,Good
1133,8.3,Excellent
1134,4.9,Fair
1135,6.3,Good
1136,1.7,Bad
1137,7.7,Good
1138,7.8,Good
1139,5.5,Fair
1140,7.5,Good
1141,6.4,Good
1142,5.6,Fair
1143,7.5,Good
1144,6.8,Good
1145,6.8,Good
1146,6,Fair
1147,7.3,Good
1148,6,Fair
1149,7,Good
1150,5.1,Fair
1151,6.8,Good
1152,6.5,Good
1153,6.6,Good
1154,7.2,Good
1155,7,Good
1156,7,Good
1157,5.9,Fair
1158,5.4,Fair
1159,6.6,Good
1160,7,Good
1161,6.5,Good
1162,6.3,Good
1163,6.5,Good
1164,6.5,Good
1165,5.8,Fair
1166,6.6,Good
1167,5.4,Fair
1168,6.1,Good
1169,4,Bad
1170,7.6,Good
1171,7.9,Good
1172,5.3,Fair
1173,6.6,Good
1174,6.3,Good
1175,7.5,Good
1176,7.2,Good
1177,7,Good
1178,4.9,Fair
1179,6.9,Good
1180,5.2,Fair
1181,8.1,Excellent
1182,6.6,Good
1183,6.2,Good
1184,7.2,Good
1185,7.3,Good
1186,6.7,Good
1187,6.4,Good
1188,7.8,Good
1189,6.4,Good
1190,4.1,Fair
1191,4.1,Fair
1192,7.4,Good
1193,5.8,Fair
1194,7.6,Good
1195,7.2,Good
1196,7.8,Good
1197,7.7,Good
1198,6.4,Good
1199,5.1,Fair
1200,5.5,Fair
1201,7.4,Good
1202,6,Fair
1203,7.5,Good
1204,7,Good
1205,7.5,Good
1206,7.3,Good
1207,5.7,Fair
1208,7.3,Good
1209,7.2,Good
1210,5.9,Fair
1211,7.8,Good
1212,7.7,Good
1213,8.1,Excellent
1214,6.6,Good
1215,7.1,Good
1216,5.9,Fair
1217,8,Good
1218,4.6,Fair
1219,6.1,Good
1220,7.2,Good
1221,6.4,Good
1222,6,Fair
1223,5.2,Fair
1224,7.6,Good
1225,6.4,Good
1226,6.4,Good
1227,6.1,Good
1228,6.1,Good
1229,5.2,Fair
1230,7.7,Good
1231,7.3,Good
1232,6.9,Good
1233,8.5,Excellent
1234,6.3,Good
1235,5.9,Fair
1236,7.8,Good
1237,6.7,Good
1238,6.4,Good
1239,5.9,Fair
1240,6.6,Good
1241,6.8,Good
1242,6.5,Good
1243,6.6,Good
1244,5.8,Fair
1245,6.9,Good
1246,7.1,Good
1247,5.8,Fair
1248,7.2,Good
1249,6,Fair
1250,4.7,Fair
1251,5.2,Fair
1252,5.5,Fair
1253,6.5,Good
1254,7,Good
1255,5.8,Fair
1256,6.2,Good
1257,6.5,Good
1258,7.2,Good
1259,5.1,Fair
1260,4.7,Fair
1261,5.9,Fair
1262,5.8,Fair
1263,7.2,Good
1264,6.2,Good
1265,7.4,Good
1266,5.7,Fair
1267,6.1,Good
1268,6,Fair
1269,6.9,Good
1270,6.5,Good
1271,5,Fair
1272,5.7,Fair
1273,7,Good
1274,5.1,Fair
1275,5.3,Fair
1276,4.4,Fair
1277,4.7,Fair
1278,6.7,Good
1279,6.7,Good
1280,5.7,Fair
1281,7.4,Good
1282,6.1,Good
1283,6.4,Good
1284,6.2,Good
1285,6.2,Good
1286,5.9,Fair
1287,4,Bad
1288,6.2,Good
1289,4.6,Fair
1290,6.4,Good
1291,5.9,Fair
1292,5.1,Fair
1293,7.6,Good
1294,4.2,Fair
1295,7.8,Good
1296,5.8,Fair
1297,5.9,Fair
1298,8.4,Excellent
1299,4.8,Fair
1300,6.2,Good
1301,6.5,Good
1302,6.3,Good
1303,3.3,Bad
1304,5.9,Fair
1305,6,Fair
1306,5.8,Fair
1307,6.5,Good
1308,4.7,Fair
1309,4.1,Fair
1310,6.8,Good
1311,6.2,Good
1312,4.5,Fair
1313,5.8,Fair
1314,7.3,Good
1315,5.9,Fair
1316,4.4,Fair
1317,5.8,Fair
1318,5.1,Fair
1319,6.9,Good
1320,6.2,Good
1321,6.9,Good
1322,7.3,Good
1323,7.1,Good
1324,6,Fair
1325,7,Good
1326,6.8,Good
1327,5.7,Fair
1328,7.6,Good
1329,8.4,Excellent
1330,7.1,Good
1331,5.6,Fair
1332,6.7,Good
1333,7,Good
1334,8,Good
1335,5.3,Fair
1336,4.9,Fair
1337,6.4,Good
1338,7.4,Good
1339,6.1,Good
1340,6.5,Good
1341,5.7,Fair
1342,5.1,Fair
1343,6.6,Good
1344,6.5,Good
1345,6.9,Good
1346,7.8,Good
1347,6.4,Good
1348,7.6,Good
1349,5.6,Fair
1350,6.2,Good
1351,4.4,Fair
1352,5.6,Fair
1353,5.5,Fair
1354,6.7,Good
1355,6.1,Good
1356,6.2,Good
1357,7.3,Good
1358,6.6,Good
1359,8.2,Excellent
1360,6.4,Good
1361,6.4,Good
1362,5.2,Fair
1363,6.5,Good
1364,7.1,Good
1365,4.8,Fair
1366,7.3,Good
1367,5.2,Fair
1368,7.7,Good
1369,7.6,Good
1370,5.7,Fair
1371,7,Good
1372,6,Fair
1373,8.1,Excellent
1374,8,Good
1375,5.6,Fair
1376,6.1,Good
1377,6.9,Good
1378,5.2,Fair
1379,7,Good
1380,6.3,Good
1381,7,Good
1382,5.3,Fair
1383,6.9,Good
1384,6.2,Good
1385,6.4,Good
1386,6.4,Good
1387,5.7,Fair
1388,6.1,Good
1389,5.4,Fair
1390,6.7,Good
1391,6.8,Good
1392,6,Fair
1393,7.8,Good
1394,5.3,Fair
1395,4.5,Fair
1396,5.4,Fair
1397,7.8,Good
1398,7.2,Good
1399,6.6,Good
1400,7.6,Good
1401,5.9,Fair
1402,6.7,Good
1403,7.7,Good
1404,5.8,Fair
1405,5.4,Fair
1406,6.9,Good
1407,7.7,Good
1408,6.8,Good
1409,6.4,Good
1410,5.7,Fair
1411,7.3,Good
1412,6.8,Good
1413,6.3,Good
1414,5.9,Fair
1415,7.4,Good
1416,8.3,Excellent
1417,6.2,Good
1418,6.3,Good
1419,5.8,Fair
1420,7.5,Good
1421,6.3,Good
1422,6.4,Good
1423,7.2,Good
1424,6.3,Good
1425,6.9,Good
1426,6.6,Good
1427,6,Fair
1428,7.5,Good
1429,7.7,Good
1430,6.2,Good
1431,5.4,Fair
1432,6.6,Good
1433,5.3,Fair
1434,5.6,Fair
1435,5.9,Fair
1436,7.8,Good
1437,6.7,Good
1438,7.4,Good
1439,6.2,Good
1440,5.4,Fair
1441,6.7,Good
1442,5.3,Fair
1443,5.9,Fair
1444,7,Good
1445,4.8,Fair
1446,7.3,Good
1447,3.8,Bad
1448,8.5,Excellent
1449,6.8,Good
1450,6.8,Good
1451,5.3,Fair
1452,7.3,Good
1453,6.6,Good
1454,6.2,Good
1455,5.2,Fair
1456,6.2,Good
1457,6.2,Good
1458,6.6,Good
1459,6.4,Good
1460,6.2,Good
1461,5.1,Fair
1462,6.6,Good
1463,6.1,Good
1464,6.1,Good
1465,6.6,Good
1466,5.9,Fair
1467,6.3,Good
1468,7.1,Good
1469,5,Fair
1470,5.6,Fair
1471,7.4,Good
1472,4.5,Fair
1473,6.2,Good
1474,5,Fair
1475,6.5,Good
1476,5.1,Fair
1477,6.5,Good
1478,6.2,Good
1479,6.3,Good
1480,3.8,Bad
1481,5.2,Fair
1482,6,Fair
1483,6.2,Good
1484,5.7,Fair
1485,6.7,Good
1486,6.8,Good
1487,6,Fair
1488,7.3,Good
1489,5.5,Fair
1490,6.7,Good
1491,4.8,Fair
1492,5.7,Fair
1493,5.1,Fair
1494,6,Fair
1495,4.2,Fair
1496,7.4,Good
1497,4.6,Fair
1498,6.9,Good
1499,8.6,Excellent
1500,6.9,Good
1501,8,Good
1502,6.4,Good
1503,6.3,Good
1504,8.4,Excellent
1505,7.1,Good
1506,6.8,Good
1507,7.5,Good
1508,4.5,Fair
1509,5.7,Fair
1510,7.2,Good
1511,6.8,Good
1512,5.4,Fair
1513,7.2,Good
1514,7.3,Good
1515,5.2,Fair
1516,5.5,Fair
1517,7.7,Good
1518,7.1,Good
1519,5.3,Fair
1520,5.6,Fair
1521,5.7,Fair
1522,7.1,Good
1523,7.5,Good
1524,7.6,Good
1525,5.5,Fair
1526,5.1,Fair
1527,6.3,Good
1528,4.9,Fair
1529,6.5,Good
1530,5.6,Fair
1531,5.3,Fair
1532,6.5,Good
1533,6.8,Good
1534,6.5,Good
1535,6,Fair
1536,8.4,Excellent
1537,6,Fair
1538,7.6,Good
1539,5.6,Fair
1540,6.9,Good
1541,6.4,Good
1542,5.1,Fair
1543,7,Good
1544,5.7,Fair
1545,6.8,Good
1546,6.7,Good
1547,6.2,Good
1548,7.2,Good
1549,6.2,Good
1550,5.6,Fair
1551,4.4,Fair
1552,7.5,Good
1553,7.1,Good
1554,6.4,Good
1555,7.1,Good
1556,5.9,Fair
1557,6.9,Good
1558,7.5,Good
1559,6.3,Good
1560,6.4,Good
1561,5.9,Fair
1562,6.8,Good
1563,6.3,Good
1564,3.6,Bad
1565,5.3,Fair
1566,5.9,Fair
1567,6.9,Good
1568,6.9,Good
1569,6.1,Good
1570,5.7,Fair
1571,8.5,Excellent
1572,6.3,Good
1573,7.3,Good
1574,6.3,Good
1575,7.2,Good
1576,7.3,Good
1577,6.3,Good
1578,8.1,Excellent
1579,6.9,Good
1580,6.3,Good
1581,7.3,Good
1582,5.5,Fair
1583,6.1,Good
1584,6.9,Good
1585,7.2,Good
1586,6.4,Good
1587,6.4,Good
1588,8.3,Excellent
1589,7.2,Good
1590,6.8,Good
1591,6.5,Good
1592,7.8,Good
1593,7.6,Good
1594,7.2,Good
1595,6.7,Good
1596,6.8,Good
1597,6.3,Good
1598,6.2,Good
1599,6.2,Good
1600,8.6,Excellent
1601,8,Good
1602,7,Good
1603,8,Good
1604,8.1,Excellent
1605,6.7,Good
1606,7.9,Good
1607,6.1,Good
1608,4.2,Fair
1609,6.1,Good
1610,6.6,Good
1611,7.5,Good
1612,7.4,Good
1613,7.2,Good
1614,6.9,Good
1615,7.4,Good
1616,5.4,Fair
1617,6.8,Good
1618,6.3,Good
1619,7.2,Good
1620,8.7,Excellent
1621,6.9,Good
1622,6,Fair
1623,5.9,Fair
1624,5.4,Fair
1625,5.9,Fair
1626,6.1,Good
1627,7.7,Good
1628,5.8,Fair
1629,7.6,Good
1630,6.1,Good
1631,5.4,Fair
1632,5.1,Fair
1633,6.4,Good
1634,6.3,Good
1635,7.5,Good
1636,7.1,Good
1637,5.2,Fair
1638,7.8,Good
1639,6.5,Good
1640,6.6,Good
1641,5.1,Fair
1642,7.4,Good
1643,7.2,Good
1644,7.6,Good
1645,7.5,Good
1646,6.6,Good
1647,7.2,Good
1648,7.6,Good
1649,6.2,Good
1650,5.6,Fair
1651,7.6,Good
1652,6.6,Good
1653,7,Good
1654,2.7,Bad
1655,7.6,Good
1656,6.6,Good
1657,6.9,Good
1658,6.8,Good
1659,7.5,Good
1660,3.7,Bad
1661,6.1,Good
1662,5.9,Fair
1663,6.7,Good
1664,8.5,Excellent
1665,6.9,Good
1666,5.5,Fair
1667,7.1,Good
1668,7.1,Good
1669,5.9,Fair
1670,7.3,Good
1671,3.4,Bad
1672,6.8,Good
1673,6.9,Good
1674,7,Good
1675,5.5,Fair
1676,5.1,Fair
1677,6.2,Good
1678,5.9,Fair
1679,5.2,Fair
1680,6.2,Good
1681,5.5,Fair
1682,7.4,Good
1683,4.4,Fair
1684,6.3,Good
1685,6.1,Good
1686,5.3,Fair
1687,5.4,Fair
1688,6.7,Good
1689,5.9,Fair
1690,7.3,Good
1691,5.5,Fair
1692,5.8,Fair
1693,4.6,Fair
1694,6.7,Good
1695,5.1,Fair
1696,5.6,Fair
1697,7,Good
1698,6.4,Good
1699,6.7,Good
1700,4.1,Fair
1701,5.5,Fair
1702,2.7,Bad
1703,6.4,Good
1704,4.8,Fair
1705,6.1,Good
1706,4.8,Fair
1707,7,Good
1708,6.8,Good
1709,7.3,Good
1710,8.2,Excellent
1711,5.6,Fair
1712,6.1,Good
1713,7.9,Good
1714,8.4,Excellent
1715,6.5,Good
1716,7.1,Good
1717,6.6,Good
1718,4,Bad
1719,7,Good
1720,5.6,Fair
1721,4.8,Fair
1722,7.5,Good
1723,6,Fair
1724,7.2,Good
1725,5.6,Fair
1726,6.8,Good
1727,4.9,Fair
1728,7.1,Good
1729,2,Bad
1730,5.7,Fair
1731,4.1,Fair
1732,6.7,Good
1733,7.5,Good
1734,6.5,Good
1735,7.9,Good
1736,7.6,Good
1737,6.4,Good
1738,5.8,Fair
1739,7.7,Good
1740,7.1,Good
1741,5.3,Fair
1742,5.3,Fair
1743,7.5,Good
1744,6.9,Good
1745,4.9,Fair
1746,7.1,Good
1747,8,Good
1748,7.9,Good
1749,7.6,Good
1750,5.9,Fair
1751,6.3,Good
1752,7.1,Good
1753,6.4,Good
1754,8.2,Excellent
1755,6.9,Good
1756,7.8,Good
1757,6.7,Good
1758,7.5,Good
1759,7.4,Good
1760,5.2,Fair
1761,6.5,Good
1762,7.6,Good
1763,7.3,Good
1764,6.6,Good
1765,6.8,Good
1766,6.9,Good
1767,5.8,Fair
1768,6.6,Good
1769,6.7,Good
1770,6.7,Good
1771,6.3,Good
1772,7.7,Good
1773,6.1,Good
1774,4.9,Fair
1775,6.2,Good
1776,7.8,Good
1777,8.2,Excellent
1778,6.9,Good
1779,6.2,Good
1780,6.9,Good
1781,4.8,Fair
1782,8,Good
1783,5.3,Fair
1784,6.7,Good
1785,5.4,Fair
1786,5.4,Fair
1787,4.9,Fair
1788,6.1,Good
1789,5.8,Fair
1790,7,Good
1791,6.5,Good
1792,6.6,Good
1793,6.1,Good
1794,5.7,Fair
1795,6.6,Good
1796,7,Good
1797,7.4,Good
1798,5.3,Fair
1799,7.4,Good
1800,7.4,Good
1801,6.8,Good
1802,7.9,Good
1803,7.2,Good
1804,6,Fair
1805,7.8,Good
1806,6.6,Good
1807,7.9,Good
1808,6.2,Good
1809,5.7,Fair
1810,7.1,Good
1811,5.6,Fair
1812,7.8,Good
1813,7.9,Good
1814,6.9,Good
1815,7.4,Good
1816,7.7,Good
1817,6.9,Good
1818,8.7,Excellent
1819,6.7,Good
1820,6,Fair
1821,6.2,Good
1822,5.9,Fair
1823,6.8,Good
1824,3.6,Bad
1825,6.7,Good
1826,6.3,Good
1827,6.4,Good
1828,6.4,Good
1829,5.7,Fair
1830,6.2,Good
1831,6.6,Good
1832,5.2,Fair
1833,6.1,Good
1834,7.1,Good
1835,7.2,Good
1836,6.5,Good
1837,6,Fair
1838,7,Good
1839,7,Good
1840,7.5,Good
1841,6.6,Good
1842,8.8,Excellent
1843,7.4,Good
1844,6.5,Good
1845,6.2,Good
1846,7.8,Good
1847,5.2,Fair
1848,6.5,Good
1849,6.5,Good
1850,5.2,Fair
1851,7.2,Good
1852,7.1,Good
1853,4.5,Fair
1854,5.7,Fair
1855,6,Fair
1856,6.4,Good
1857,5.2,Fair
1858,4.3,Fair
1859,6.1,Good
1860,6.3,Good
1861,6.8,Good
1862,4,Bad
1863,5.2,Fair
1864,6.5,Good
1865,7.5,Good
1866,7.1,Good
1867,6.9,Good
1868,8,Good
1869,8.2,Excellent
1870,6.4,Good
1871,7.9,Good
1872,6.7,Good
1873,6.1,Good
1874,8.9,Excellent
1875,8.1,Excellent
1876,6.2,Good
1877,4.9,Fair
1878,5.4,Fair
1879,5.8,Fair
1880,4.7,Fair
1881,6,Fair
1882,7,Good
1883,6,Fair
1884,7.9,Good
1885,8.1,Excellent
1886,6.2,Good
1887,6.7,Good
1888,7.3,Good
1889,4.6,Fair
1890,6.1,Good
1891,6.2,Good
1892,7.8,Good
1893,6.1,Good
1894,7.6,Good
1895,5.8,Fair
1896,6.5,Good
1897,7.2,Good
1898,7.8,Good
1899,4.7,Fair
1900,6.8,Good
1901,5.9,Fair
1902,7.2,Good
1903,8.7,Excellent
1904,5,Fair
1905,6.6,Good
1906,8.3,Excellent
1907,6.7,Good
1908,7.8,Good
1909,6.5,Good
1910,6.1,Good
1911,8.1,Excellent
1912,5.2,Fair
1913,5.6,Fair
1914,5.8,Fair
1915,6.6,Good
1916,6.6,Good
1917,5.5,Fair
1918,5.5,Fair
1919,7,Good
1920,6.5,Good
1921,5.8,Fair
1922,5.6,Fair
1923,5.6,Fair
1924,5.8,Fair
1925,7.6,Good
1926,6.4,Good
1927,6.3,Good
1928,4.6,Fair
1929,6.5,Good
1930,7.5,Good
1931,7.5,Good
1932,5.3,Fair
1933,7.5,Good
1934,3.3,Bad
1935,5.7,Fair
1936,3.5,Bad
1937,9.3,Excellent
1938,4.8,Fair
1939,6.9,Good
1940,6,Fair
1941,7.3,Good
1942,6,Fair
1943,6.6,Good
1944,7.5,Good
1945,6.9,Good
1946,6.8,Good
1947,8.3,Excellent
1948,6.3,Good
1949,6.4,Good
1950,5.6,Fair
1951,6.3,Good
1952,7.3,Good
1953,6.6,Good
1954,4.6,Fair
1955,5.1,Fair
1956,5.6,Fair
1957,5.3,Fair
1958,7.5,Good
1959,5.6,Fair
1960,5.9,Fair
1961,4.7,Fair
1962,4.8,Fair
1963,6.8,Good
1964,5.4,Fair
1965,5.1,Fair
1966,7,Good
1967,6.7,Good
1968,4,Bad
1969,7.3,Good
1970,6.8,Good
1971,6.1,Good
1972,7.2,Good
1973,7,Good
1974,7.1,Good
1975,6.9,Good
1976,7.3,Good
1977,6.3,Good
1978,8.2,Excellent
1979,7.1,Good
1980,7.7,Good
1981,6.5,Good
1982,4.9,Fair
1983,6.4,Good
1984,5.9,Fair
1985,6.2,Good
1986,5.8,Fair
1987,6.7,Good
1988,5.9,Fair
1989,7.3,Good
1990,4.8,Fair
1991,4.1,Fair
1992,4.9,Fair
1993,7.9,Good
1994,5.6,Fair
1995,5.2,Fair
1996,4.1,Fair
1997,6.6,Good
1998,2.9,Bad
1999,7.2,Good
2000,6.5,Good
2001,6.8,Good
2002,7.2,Good
2003,6.8,Good
2004,7.8,Good
2005,6.7,Good
2006,6.1,Good
2007,7.1,Good
2008,5.7,Fair
2009,2.9,Bad
2010,5.2,Fair
2011,5.3,Fair
2012,6.2,Good
2013,7.3,Good
2014,6.5,Good
2015,4.1,Fair
2016,7.7,Good
2017,6.1,Good
2018,7.3,Good
2019,7.2,Good
2020,5.3,Fair
2021,6.1,Good
2022,5.8,Fair
2023,5.7,Fair
2024,6.7,Good
2025,6.5,Good
2026,7.2,Good
2027,7.6,Good
2028,4.6,Fair
2029,6.9,Good
2030,6.6,Good
2031,6.3,Good
2032,6.2,Good
2033,5.3,Fair
2034,7.3,Good
2035,5.6,Fair
2036,6.2,Good
2037,5.2,Fair
2038,5.3,Fair
2039,5.4,Fair
2040,4.9,Fair
2041,5.5,Fair
2042,6.7,Good
2043,3.9,Bad
2044,7.2,Good
2045,5.1,Fair
2046,6.5,Good
2047,8.2,Excellent
2048,7.7,Good
2049,7.2,Good
2050,6.1,Good
2051,8.8,Excellent
2052,6.8,Good
2053,6.8,Good
2054,6.7,Good
2055,7.1,Good
2056,7.1,Good
2057,6.1,Good
2058,8,Good
2059,7.5,Good
2060,6.6,Good
2061,5.4,Fair
2062,6.1,Good
2063,6.1,Good
2064,5.6,Fair
2065,5.8,Fair
2066,2.8,Bad
2067,6.7,Good
2068,5.1,Fair
2069,7.2,Good
2070,6,Fair
2071,7.2,Good
2072,6.7,Good
2073,6.3,Good
2074,6.2,Good
2075,6.8,Good
2076,6.2,Good
2077,6.9,Good
2078,6.8,Good
2079,7.1,Good
2080,7.1,Good
2081,7,Good
2082,7.1,Good
2083,6.4,Good
2084,7,Good
2085,6.2,Good
2086,7.5,Good
2087,4.8,Fair
2088,8.1,Excellent
2089,7.3,Good
2090,5.8,Fair
2091,7.6,Good
2092,5.6,Fair
2093,7,Good
2094,6.6,Good
2095,6.5,Good
2096,7.4,Good
2097,4.6,Fair
2098,6.4,Good
2099,6,Fair
2100,6.4,Good
2101,5.9,Fair
2102,6.4,Good
2103,6.6,Good
2104,6.9,Good
2105,6.9,Good
2106,5.8,Fair
2107,6.4,Good
2108,5.3,Fair
2109,6.5,Good
2110,5.7,Fair
2111,6.7,Good
2112,3.9,Bad
2113,4.1,Fair
2114,6.2,Good
2115,3.8,Bad
2116,5.1,Fair
2117,6.4,Good
2118,7.8,Good
2119,7.8,Good
2120,6.1,Good
2121,5.8,Fair
2122,6.3,Good
2123,7.7,Good
2124,5.4,Fair
2125,7.3,Good
2126,6.8,Good
2127,7.3,Good
2128,6.5,Good
2129,7.2,Good
2130,6.7,Good
2131,6.3,Good
2132,5.9,Fair
2133,7.8,Good
2134,7.4,Good
2135,4.8,Fair
2136,6.3,Good
2137,7.8,Good
2138,7.5,Good
2139,6,Fair
2140,6.8,Good
2141,6.6,Good
2142,4.6,Fair
2143,2.9,Bad
2144,7.1,Good
2145,6.1,Good
2146,6.7,Good
2147,7.1,Good
2148,5.8,Fair
2149,6.7,Good
2150,5.8,Fair
2151,6.8,Good
2152,8.5,Excellent
2153,6.6,Good
2154,7.7,Good
2155,4.7,Fair
2156,6.4,Good
2157,5.5,Fair
2158,8.6,Excellent
2159,7,Good
2160,7.1,Good
2161,5.7,Fair
2162,3.7,Bad
2163,7.5,Good
2164,4.6,Fair
2165,4.9,Fair
2166,6.9,Good
2167,7.1,Good
2168,5.8,Fair
2169,7,Good
2170,5.4,Fair
2171,7.3,Good
2172,7.1,Good
2173,5.8,Fair
2174,8.1,Excellent
2175,5.7,Fair
2176,4.4,Fair
2177,7.9,Good
2178,7.6,Good
2179,4.8,Fair
2180,7.8,Good
2181,6.7,Good
2182,2.7,Bad
2183,5.8,Fair
2184,7.5,Good
2185,5.4,Fair
2186,4.1,Fair
2187,5.9,Fair
2188,6.3,Good
2189,7,Good
2190,6.8,Good
2191,3.5,Bad
2192,2.3,Bad
2193,6.9,Good
2194,8.1,Excellent
2195,6.1,Good
2196,5,Fair
2197,5.5,Fair
2198,6.2,Good
2199,6.2,Good
2200,5.9,Fair
2201,6.3,Good
2202,6.7,Good
2203,3.5,Bad
2204,7.5,Good
2205,6.6,Good
2206,7.5,Good
2207,7.2,Good
2208,4.8,Fair
2209,6.6,Good
2210,3.5,Bad
2211,6.7,Good
2212,7.6,Good
2213,6.3,Good
2214,5.5,Fair
2215,6.3,Good
2216,6.5,Good
2217,5.6,Fair
2218,6.9,Good
2219,7.6,Good
2220,3.9,Bad
2221,6.1,Good
2222,7.3,Good
2223,8.3,Excellent
2224,5.8,Fair
2225,6.8,Good
2226,7,Good
2227,5.9,Fair
2228,6.5,Good
2229,6.4,Good
2230,5.8,Fair
2231,5.1,Fair
2232,6.8,Good
2233,5.3,Fair
2234,5.3,Fair
2235,6.4,Good
2236,4.9,Fair
2237,6.8,Good
2238,7.1,Good
2239,6.8,Good
2240,6.1,Good
2241,7,Good
2242,8.5,Excellent
2243,5.9,Fair
2244,6.3,Good
2245,5.9,Fair
2246,5.4,Fair
2247,7,Good
2248,6.9,Good
2249,7.5,Good
2250,8.2,Excellent
2251,5.9,Fair
2252,5,Fair
2253,7.3,Good
2254,6.4,Good
2255,6.6,Good
2256,7.8,Good
2257,6.7,Good
2258,4,Bad
2259,7.6,Good
2260,7.7,Good
2261,5.8,Fair
2262,5.2,Fair
2263,5.6,Fair
2264,5.3,Fair
2265,7.4,Good
2266,6.6,Good
2267,6.2,Good
2268,1.9,Bad
2269,5.7,Fair
2270,6.6,Good
2271,6,Fair
2272,6.1,Good
2273,4.8,Fair
2274,6.2,Good
2275,7.5,Good
2276,6.3,Good
2277,7.1,Good
2278,6.6,Good
2279,6.1,Good
2280,6.7,Good
2281,5.6,Fair
2282,7.2,Good
2283,4.3,Fair
2284,6.4,Good
2285,7.1,Good
2286,6.3,Good
2287,7.4,Good
2288,6.1,Good
2289,6.6,Good
2290,6,Fair
2291,6.8,Good
2292,7.4,Good
2293,6.8,Good
2294,7.2,Good
2295,1.9,Bad
2296,5.5,Fair
2297,4.5,Fair
2298,6.3,Good
2299,7,Good
2300,6.7,Good
2301,2.8,Bad
2302,5,Fair
2303,7.5,Good
2304,4.3,Fair
2305,5.6,Fair
2306,6.2,Good
2307,5.3,Fair
2308,7.4,Good
2309,7.4,Good
2310,6.5,Good
2311,7.1,Good
2312,7.2,Good
2313,2.3,Bad
2314,6.4,Good
2315,6.1,Good
2316,7,Good
2317,6.5,Good
2318,7,Good
2319,7,Good
2320,4.9,Fair
2321,6.9,Good
2322,7.5,Good
2323,8.4,Excellent
2324,6.9,Good
2325,4.5,Fair
2326,7.4,Good
2327,7,Good
2328,2.8,Bad
2329,7.5,Good
2330,7.1,Good
2331,6.4,Good
2332,6.7,Good
2333,5.3,Fair
2334,6.9,Good
2335,6.2,Good
2336,6.3,Good
2337,6.4,Good
2338,6.5,Good
2339,6,Fair
2340,5.1,Fair
2341,5.5,Fair
2342,7.2,Good
2343,5.4,Fair
2344,5.7,Fair
2345,5.2,Fair
2346,6.2,Good
2347,6.7,Good
2348,5.8,Fair
2349,7,Good
2350,4.8,Fair
2351,7.2,Good
2352,5.6,Fair
2353,6.4,Good
2354,7.5,Good
2355,7.4,Good
2356,8,Good
2357,5.7,Fair
2358,6.8,Good
2359,5.9,Fair
2360,7.2,Good
2361,5.5,Fair
2362,8.4,Excellent
2363,8.5,Excellent
2364,5.6,Fair
2365,4.1,Fair
2366,5,Fair
2367,6.1,Good
2368,5.4,Fair
2369,7.1,Good
2370,6.6,Good
2371,3.6,Bad
2372,6.5,Good
2373,8.6,Excellent
2374,6.2,Good
2375,7,Good
2376,7.6,Good
2377,6.5,Good
2378,6.4,Good
2379,6.7,Good
2380,6.3,Good
2381,6.4,Good
2382,5.7,Fair
2383,6.3,Good
2384,7.8,Good
2385,6,Fair
2386,7.7,Good
2387,6.2,Good
2388,5.7,Fair
2389,7.7,Good
2390,6.4,Good
2391,6.4,Good
2392,6.9,Good
2393,7.3,Good
2394,7.3,Good
2395,6.2,Good
2396,6.6,Good
2397,6.7,Good
2398,5.7,Fair
2399,3.1,Bad
2400,6.3,Good
2401,5.7,Fair
2402,7.1,Good
2403,7,Good
2404,6.1,Good
2405,6.6,Good
2406,7.8,Good
2407,8.3,Excellent
2408,3.9,Bad
2409,7,Good
2410,6.7,Good
2411,7.3,Good
2412,7.5,Good
2413,6.3,Good
2414,7.8,Good
2415,7.3,Good
2416,7.6,Good
2417,5.3,Fair
2418,7.9,Good
2419,5.3,Fair
2420,6.8,Good
2421,7.1,Good
2422,7.2,Good
2423,5.8,Fair
2424,5.8,Fair
2425,8.3,Excellent
2426,5.6,Fair
2427,6.8,Good
2428,5,Fair
2429,7.6,Good
2430,6.7,Good
2431,6.7,Good
2432,5.7,Fair
2433,5.2,Fair
2434,7.5,Good
2435,7.2,Good
2436,5.3,Fair
2437,6.5,Good
2438,5,Fair
2439,6.1,Good
2440,7.4,Good
2441,4.4,Fair
2442,7.5,Good
2443,5.7,Fair
2444,5.5,Fair
2445,7.1,Good
2446,5.9,Fair
2447,6.7,Good
2448,7,Good
2449,7.9,Good
2450,6.9,Good
2451,7.3,Good
2452,7.3,Good
2453,3.5,Bad
2454,7.8,Good
2455,7.4,Good
2456,6.7,Good
2457,6.4,Good
2458,7.1,Good
2459,6.7,Good
2460,7.8,Good
2461,4,Bad
2462,5.9,Fair
2463,7.2,Good
2464,7.2,Good
2465,5.1,Fair
2466,7.7,Good
2467,5.5,Fair
2468,6.2,Good
2469,7.2,Good
2470,5.2,Fair
2471,6.7,Good
2472,6.3,Good
2473,5,Fair
2474,6.2,Good
2475,7.6,Good
2476,4.1,Fair
2477,5.3,Fair
2478,6.2,Good
2479,6.5,Good
2480,8.1,Excellent
2481,6.3,Good
2482,4.4,Fair
2483,4.6,Fair
2484,6,Fair
2485,7.6,Good
2486,8.4,Excellent
2487,7.9,Good
2488,5.6,Fair
2489,6.5,Good
2490,7.5,Good
2491,6.3,Good
2492,7.9,Good
2493,7.9,Good
2494,5.1,Fair
2495,6.7,Good
2496,6.7,Good
2497,5.6,Fair
2498,5.6,Fair
2499,6.8,Good
2500,6.2,Good
2501,5.6,Fair
2502,6.4,Good
2503,5.6,Fair
2504,7.4,Good
2505,4.9,Fair
2506,6,Fair
2507,7.2,Good
2508,4.9,Fair
2509,7.5,Good
2510,4.8,Fair
2511,3.1,Bad
2512,5.8,Fair
2513,6.7,Good
2514,6.8,Good
2515,6.5,Good
2516,5.9,Fair
2517,5.5,Fair
2518,3.6,Bad
2519,3.3,Bad
2520,7.4,Good
2521,6.7,Good
2522,3,Bad
2523,7.6,Good
2524,6.4,Good
2525,6.9,Good
2526,6.6,Good
2527,5.5,Fair
2528,6.6,Good
2529,5.2,Fair
2530,4.1,Fair
2531,6.8,Good
2532,6.5,Good
2533,7.6,Good
2534,7.4,Good
2535,7.7,Good
2536,7.1,Good
2537,6.3,Good
2538,7.6,Good
2539,8,Good
2540,7.3,Good
2541,7.6,Good
2542,7.8,Good
2543,6.5,Good
2544,6.4,Good
2545,8,Good
2546,4.8,Fair
2547,7.8,Good
2548,5.9,Fair
2549,5.4,Fair
2550,3.3,Bad
2551,8.2,Excellent
2552,6.6,Good
2553,5.4,Fair
2554,6.4,Good
2555,4.8,Fair
2556,5.9,Fair
2557,5.5,Fair
2558,7.9,Good
2559,4.9,Fair
2560,7.2,Good
2561,6.6,Good
2562,6.7,Good
2563,5.3,Fair
2564,7.2,Good
2565,5.1,Fair
2566,5.6,Fair
2567,7.6,Good
2568,3.1,Bad
2569,7.2,Good
2570,5.7,Fair
2571,5.2,Fair
2572,7.7,Good
2573,7,Good
2574,3.6,Bad
2575,4.9,Fair
2576,6,Fair
2577,6.6,Good
2578,6.8,Good
2579,7.2,Good
2580,7.2,Good
2581,2.8,Bad
2582,6.6,Good
2583,6.7,Good
2584,7,Good
2585,4.4,Fair
2586,7.1,Good
2587,6.2,Good
2588,7.3,Good
2589,5.1,Fair
2590,8.1,Excellent
2591,6.7,Good
2592,6.6,Good
2593,4.5,Fair
2594,8.1,Excellent
2595,6.6,Good
2596,6.5,Good
2597,5.9,Fair
2598,6.6,Good
2599,6.5,Good
2600,7.3,Good
2601,7.5,Good
2602,5.9,Fair
2603,7.4,Good
2604,6.9,Good
2605,7.9,Good
2606,8.4,Excellent
2607,8,Good
2608,6,Fair
2609,7.3,Good
2610,6.8,Good
2611,7.8,Good
2612,5.7,Fair
2613,6.1,Good
2614,8.1,Excellent
2615,6.1,Good
2616,7.5,Good
2617,6.2,Good
2618,6.2,Good
2619,7.9,Good
2620,7.4,Good
2621,6.6,Good
2622,7.3,Good
2623,7.5,Good
2624,5.6,Fair
2625,7.3,Good
2626,6.4,Good
2627,5,Fair
2628,5.4,Fair
2629,8.2,Excellent
2630,7.1,Good
2631,5.3,Fair
2632,6.5,Good
2633,6.2,Good
2634,6.4,Good
2635,7.2,Good
2636,6.9,Good
2637,5.7,Fair
2638,7.7,Good
2639,5.4,Fair
2640,5.6,Fair
2641,7.7,Good
2642,5.1,Fair
2643,6.8,Good
2644,8.4,Excellent
2645,4.9,Fair
2646,7.1,Good
2647,6.6,Good
2648,6.1,Good
2649,4.1,Fair
2650,5.8,Fair
2651,8.1,Excellent
2652,7.6,Good
2653,7.8,Good
2654,4.6,Fair
2655,6,Fair
2656,7,Good
2657,6.7,Good
2658,6.4,Good
2659,7.2,Good
2660,7.4,Good
2661,4.8,Fair
2662,4,Bad
2663,6.2,Good
2664,7.7,Good
2665,6.7,Good
2666,7.9,Good
2667,7.9,Good
2668,5.5,Fair
2669,6.2,Good
2670,5.1,Fair
2671,4.1,Fair
2672,6.7,Good
2673,4.7,Fair
2674,6.4,Good
2675,6.3,Good
2676,5.5,Fair
2677,7.3,Good
2678,6.3,Good
2679,4.9,Fair
2680,7.6,Good
2681,6,Fair
2682,6.2,Good
2683,6.8,Good
2684,4.5,Fair
2685,5.7,Fair
2686,8.4,Excellent
2687,4.6,Fair
2688,6.2,Good
2689,7,Good
2690,6.9,Good
2691,6.1,Good
2692,6.7,Good
2693,5.6,Fair
2694,6.6,Good
2695,6.4,Good
2696,2.8,Bad
2697,5.4,Fair
2698,5,Fair
2699,5.1,Fair
2700,8,Good
2701,5.9,Fair
2702,7.5,Good
2703,8.2,Excellent
2704,7,Good
2705,6.6,Good
2706,6.7,Good
2707,5.5,Fair
2708,4.9,Fair
2709,6.9,Good
2710,7.4,Good
2711,5.6,Fair
2712,8,Good
2713,5.3,Fair
2714,6.2,Good
2715,5.3,Fair
2716,6.6,Good
2717,7.2,Good
2718,4.6,Fair
2719,7.5,Good
2720,6.5,Good
2721,7.6,Good
2722,6.2,Good
2723,8,Good
2724,5.5,Fair
2725,6.3,Good
2726,7.2,Good
2727,7.9,Good
2728,6.7,Good
2729,5.3,Fair
2730,6.3,Good
2731,6.5,Good
2732,5.6,Fair
2733,7,Good
2734,8.3,Excellent
2735,7.2,Good
2736,6.8,Good
2737,6.4,Good
2738,6.9,Good
2739,8,Good
2740,6.2,Good
2741,6.4,Good
2742,5.6,Fair
2743,6.1,Good
2744,6,Fair
2745,5.1,Fair
2746,4.5,Fair
2747,5.9,Fair
2748,6,Fair
2749,5.8,Fair
2750,6.1,Good
2751,4.9,Fair
2752,5.7,Fair
2753,7.1,Good
2754,6.6,Good
2755,8.1,Excellent
2756,5.7,Fair
2757,6.8,Good
2758,7.5,Good
2759,6.2,Good
2760,8.3,Excellent
2761,7.4,Good
2762,8,Good
2763,6.9,Good
2764,6.9,Good
2765,9.5,Excellent
2766,5.5,Fair
2767,5.7,Fair
2768,7.2,Good
2769,6.9,Good
2770,5.5,Fair
2771,5.9,Fair
2772,7.7,Good
2773,5.2,Fair
2774,7.1,Good
2775,6.6,Good
2776,5.5,Fair
2777,7.7,Good
2778,5.4,Fair
2779,6.7,Good
2780,5,Fair
2781,6.4,Good
2782,6.6,Good
2783,5.9,Fair
2784,5.7,Fair
2785,4.5,Fair
2786,3.7,Bad
2787,5,Fair
2788,4.6,Fair
2789,6.5,Good
2790,4.9,Fair
2791,6,Fair
2792,6.9,Good
2793,5.7,Fair
2794,6.7,Good
2795,6.9,Good
2796,5.5,Fair
2797,4.4,Fair
2798,5.4,Fair
2799,7,Good
2800,5.4,Fair
2801,5.4,Fair
2802,8,Good
2803,7.6,Good
2804,5.9,Fair
2805,6.6,Good
2806,6.7,Good
2807,3.9,Bad
2808,5.7,Fair
2809,6.7,Good
2810,6.5,Good
2811,6.8,Good
2812,6.3,Good
2813,7.3,Good
2814,6.9,Good
2815,7,Good
2816,6.5,Good
2817,3.6,Bad
2818,7.7,Good
2819,7.7,Good
2820,5.9,Fair
2821,6.8,Good
2822,7.4,Good
2823,5.1,Fair
2824,9.1,Excellent
2825,7.4,Good
2826,7.2,Good
2827,6,Fair
2828,7.4,Good
2829,8.3,Excellent
2830,8.1,Excellent
2831,6.3,Good
2832,7.3,Good
2833,3.6,Bad
2834,1.6,Bad
2835,8,Good
2836,6.2,Good
2837,9,Excellent
2838,6.1,Good
2839,5.7,Fair
2840,6.8,Good
2841,5.5,Fair
2842,6.8,Good
2843,7.3,Good
2844,6.1,Good
2845,7.2,Good
2846,5.9,Fair
2847,6.1,Good
2848,6.8,Good
2849,7.7,Good
2850,4.9,Fair
2851,6.1,Good
2852,2.5,Bad
2853,6.1,Good
2854,5.9,Fair
2855,5.7,Fair
2856,5.6,Fair
2857,7.2,Good
2858,7.7,Good
2859,7.8,Good
2860,6.1,Good
2861,5.8,Fair
2862,6.5,Good
2863,7.9,Good
2864,6.3,Good
2865,3.8,Bad
2866,8.3,Excellent
2867,6.4,Good
2868,6.7,Good
2869,6.1,Good
2870,8.1,Excellent
2871,6,Fair
2872,5.8,Fair
2873,5.6,Fair
2874,6.1,Good
2875,5.9,Fair
2876,7.3,Good
2877,6.8,Good
2878,5.7,Fair
2879,7.3,Good
2880,6.3,Good
2881,5.9,Fair
2882,7.1,Good
2883,7.1,Good
2884,8,Good
2885,5.1,Fair
2886,7.1,Good
2887,6.5,Good
2888,4.5,Fair
2889,6.6,Good
2890,4.3,Fair
2891,6.7,Good
2892,6.8,Good
2893,5.4,Fair
2894,6.6,Good
2895,7.4,Good
2896,7.3,Good
2897,6.9,Good
2898,8,Good
2899,6.4,Good
2900,7.8,Good
2901,6.1,Good
2902,6.1,Good
2903,5.1,Fair
2904,7.8,Good
2905,7.4,Good
2906,7.8,Good
2907,8,Good
2908,6.7,Good
2909,6.6,Good
2910,6.4,Good
2911,6.7,Good
2912,6.2,Good
2913,7.3,Good
2914,8.1,Excellent
2915,7,Good
2916,8,Good
2917,8,Good
2918,7,Good
2919,7.9,Good
2920,5.9,Fair
2921,6.6,Good
2922,6.3,Good
2923,7.7,Good
2924,6.9,Good
2925,7.1,Good
2926,7.4,Good
2927,6.5,Good
2928,6.5,Good
2929,6.8,Good
2930,7.5,Good
2931,6.6,Good
2932,7.1,Good
2933,6.6,Good
2934,7,Good
2935,3.3,Bad
2936,6.7,Good
2937,8,Good
2938,6.8,Good
2939,6,Fair
2940,5.4,Fair
2941,4.3,Fair
2942,6.2,Good
2943,7.7,Good
2944,8,Good
2945,7.4,Good
2946,5.9,Fair
2947,7.8,Good
2948,7.4,Good
2949,6.5,Good
2950,5.4,Fair
2951,7,Good
2952,8.6,Excellent
2953,7.6,Good
2954,6.9,Good
2955,7,Good
2956,5.3,Fair
2957,6.4,Good
2958,4.5,Fair
2959,7.8,Good
2960,6.7,Good
2961,5.3,Fair
2962,6.3,Good
2963,7,Good
2964,5.3,Fair
2965,6.6,Good
2966,5.8,Fair
2967,6.7,Good
2968,6.6,Good
2969,7,Good
2970,8.4,Excellent
2971,6,Fair
2972,5.4,Fair
2973,7.8,Good
2974,7.6,Good
2975,6.6,Good
2976,6.4,Good
2977,7,Good
2978,5.7,Fair
2979,5.9,Fair
2980,6.3,Good
2981,6.3,Good
2982,6.2,Good
2983,2.1,Bad
2984,5,Fair
2985,5.3,Fair
2986,7.1,Good
2987,7,Good
2988,7,Good
2989,5.7,Fair
2990,7.1,Good
2991,7,Good
2992,7.7,Good
2993,7.1,Good
2994,6.8,Good
2995,7.5,Good
2996,6.3,Good
2997,7.3,Good
2998,6.8,Good
2999,7.2,Good
3000,6.4,Good
3001,6,Fair
3002,6.4,Good
3003,5.1,Fair
3004,7.5,Good
3005,7.1,Good
3006,4.6,Fair
3007,5.7,Fair
3008,6.8,Good
3009,7.7,Good
3010,6.7,Good
3011,3.2,Bad
3012,6.1,Good
3013,5.6,Fair
3014,6.9,Good
3015,7.5,Good
3016,5.8,Fair
3017,8.3,Excellent
3018,2.8,Bad
3019,6.6,Good
3020,7.5,Good
3021,6,Fair
3022,6.2,Good
3023,7.2,Good
3024,8.7,Excellent
3025,6,Fair
3026,8,Good
3027,7.2,Good
3028,4.5,Fair
3029,7.9,Good
3030,7.1,Good
3031,7.5,Good
3032,6.8,Good
3033,4.3,Fair
3034,7.2,Good
3035,5.8,Fair
3036,7.1,Good
3037,7.4,Good
3038,7.6,Good
3039,6.9,Good
3040,6,Fair
3041,6.9,Good
3042,7.3,Good
3043,4.6,Fair
3044,6,Fair
3045,6.4,Good
3046,5.5,Fair
3047,7.5,Good
3048,8.1,Excellent
3049,6.3,Good
3050,5.1,Fair
3051,6.8,Good
3052,5.3,Fair
3053,7.3,Good
3054,7.3,Good
3055,7.1,Good
3056,7.6,Good
3057,5.3,Fair
3058,7.8,Good
3059,7.7,Good
3060,7.7,Good
3061,5.4,Fair
3062,6.2,Good
3063,7.4,Good
3064,6.2,Good
3065,5.1,Fair
3066,6.9,Good
3067,6.3,Good
3068,6.8,Good
3069,7.4,Good
3070,5.7,Fair
3071,5.8,Fair
3072,6.2,Good
3073,4.3,Fair
3074,6.4,Good
3075,6,Fair
3076,6.9,Good
3077,5.5,Fair
3078,5.4,Fair
3079,8.3,Excellent
3080,7.9,Good
3081,6.5,Good
3082,6.3,Good
3083,6.4,Good
3084,7.9,Good
3085,5.3,Fair
3086,5.8,Fair
3087,6.6,Good
3088,7.4,Good
3089,8.3,Excellent
3090,5.3,Fair
3091,6.2,Good
3092,6.9,Good
3093,5.9,Fair
3094,6.1,Good
3095,5.8,Fair
3096,7.3,Good
3097,5.9,Fair
3098,5.5,Fair
3099,5,Fair
3100,7,Good
3101,7.8,Good
3102,6.4,Good
3103,5.9,Fair
3104,7,Good
3105,6.1,Good
3106,6.9,Good
3107,7.5,Good
3108,7.3,Good
3109,6.5,Good
3110,6.2,Good
3111,6.7,Good
3112,6,Fair
3113,6.3,Good
3114,5.8,Fair
3115,6.1,Good
3116,6.9,Good
3117,8.3,Excellent
3118,5.4,Fair
3119,6.7,Good
3120,7.4,Good
3121,5.6,Fair
3122,6.5,Good
3123,6.5,Good
3124,5.8,Fair
3125,5,Fair
3126,5.5,Fair
3127,6.5,Good
3128,7.2,Good
3129,7.3,Good
3130,7.2,Good
3131,5.2,Fair
3132,5.7,Fair
3133,4.7,Fair
3134,5.9,Fair
3135,6.8,Good
3136,5.9,Fair
3137,5.3,Fair
3138,6,Fair
3139,7.7,Good
3140,4.4,Fair
3141,6.6,Good
3142,6.7,Good
3143,5.5,Fair
3144,6.5,Good
3145,6.2,Good
3146,7.1,Good
3147,6.1,Good
3148,7.1,Good
3149,6,Fair
3150,7.4,Good
3151,5.9,Fair
3152,4.1,Fair
3153,5.8,Fair
3154,5.9,Fair
3155,7,Good
3156,6.8,Good
3157,7.4,Good
3158,7.1,Good
3159,7,Good
3160,5.8,Fair
3161,7.8,Good
3162,6.5,Good
3163,7,Good
3164,6.3,Good
3165,5.3,Fair
3166,6.8,Good
3167,5.5,Fair
3168,7.4,Good
3169,4.3,Fair
3170,6,Fair
3171,5.2,Fair
3172,6.7,Good
3173,6.3,Good
3174,7.9,Good
3175,8.6,Excellent
3176,6.1,Good
3177,5.8,Fair
3178,7.7,Good
3179,8,Good
3180,5.6,Fair
3181,6.7,Good
3182,6.6,Good
3183,4.2,Fair
3184,6.6,Good
3185,4.1,Fair
3186,7.3,Good
3187,7.1,Good
3188,6.5,Good
3189,7,Good
3190,5.5,Fair
3191,6.6,Good
3192,7.1,Good
3193,7.9,Good
3194,7.1,Good
3195,5.6,Fair
3196,7.3,Good
3197,3.3,Bad
3198,6.5,Good
3199,4.8,Fair
3200,5.2,Fair
3201,6.3,Good
3202,7.2,Good
3203,6.8,Good
3204,5.7,Fair
3205,7.2,Good
3206,6.9,Good
3207,9.1,Excellent
3208,6.3,Good
3209,6.2,Good
3210,6.7,Good
3211,6.5,Good
3212,7.2,Good
3213,5.3,Fair
3214,6.7,Good
3215,6.2,Good
3216,3.6,Bad
3217,5.7,Fair
3218,7.3,Good
3219,5,Fair
3220,6.6,Good
3221,6.6,Good
3222,6.8,Good
3223,6.2,Good
3224,7.3,Good
3225,6.2,Good
3226,6.9,Good
3227,6.6,Good
3228,6.3,Good
3229,7,Good
3230,3.3,Bad
3231,6.7,Good
3232,6.2,Good
3233,6.5,Good
3234,3.5,Bad
3235,5.5,Fair
3236,5.9,Fair
3237,4.7,Fair
3238,4.2,Fair
3239,5.2,Fair
3240,5.2,Fair
3241,3.9,Bad
3242,6.1,Good
3243,5.8,Fair
3244,6.7,Good
3245,5.7,Fair
3246,4.5,Fair
3247,6.9,Good
3248,4.8,Fair
3249,6.3,Good
3250,6.9,Good
3251,5.4,Fair
3252,3.8,Bad
3253,7,Good
3254,5.2,Fair
3255,7.3,Good
3256,4.6,Fair
3257,6.5,Good
3258,6.8,Good
3259,6.7,Good
3260,6.1,Good
3261,5.2,Fair
3262,6.9,Good
3263,6,Fair
3264,7.9,Good
3265,4.5,Fair
3266,5.1,Fair
3267,7.6,Good
3268,7.6,Good
3269,6.7,Good
3270,6.1,Good
3271,7.5,Good
3272,5.3,Fair
3273,6,Fair
3274,7.1,Good
3275,7.5,Good
3276,6.9,Good
3277,8.5,Excellent
3278,7.5,Good
3279,6.6,Good
3280,8,Good
3281,7,Good
3282,5.8,Fair
3283,7.3,Good
3284,6.8,Good
3285,6.7,Good
3286,6.5,Good
3287,8,Good
3288,6.5,Good
3289,4.9,Fair
3290,7.1,Good
3291,7,Good
3292,7,Good
3293,7.5,Good
3294,4.5,Fair
3295,5.5,Fair
3296,7.7,Good
3297,7.2,Good
3298,4.8,Fair
3299,6.7,Good
3300,7,Good
3301,6.5,Good
3302,7.4,Good
3303,3.5,Bad
3304,5.7,Fair
3305,6.2,Good
3306,5.7,Fair
3307,6.4,Good
3308,7,Good
3309,7.7,Good
3310,5.4,Fair
3311,6.6,Good
3312,6.1,Good
3313,6.1,Good
3314,7.6,Good
3315,6.2,Good
3316,6.6,Good
3317,6.1,Good
3318,7.3,Good
3319,4.2,Fair
3320,7.1,Good
3321,6,Fair
3322,6.5,Good
3323,6.5,Good
3324,5.7,Fair
3325,6.1,Good
3326,7.1,Good
3327,7.3,Good
3328,6.5,Good
3329,7.9,Good
3330,5.7,Fair
3331,7.2,Good
3332,7.3,Good
3333,6.9,Good
3334,5,Fair
3335,5.9,Fair
3336,6.7,Good
3337,7.3,Good
3338,7.6,Good
3339,6.5,Good
3340,2.1,Bad
3341,5.3,Fair
3342,7.2,Good
3343,7,Good
3344,8,Good
3345,6.5,Good
3346,6.9,Good
3347,7.1,Good
3348,7.3,Good
3349,7.5,Good
3350,6.9,Good
3351,7.2,Good
3352,7.2,Good
3353,6.7,Good
3354,6,Fair
3355,8.9,Excellent
3356,7.7,Good
3357,7.9,Good
3358,5.6,Fair
3359,8,Good
3360,6.2,Good
3361,7.9,Good
3362,8.1,Excellent
3363,7.6,Good
3364,3.5,Bad
3365,7.6,Good
3366,6.5,Good
3367,5.6,Fair
3368,7.7,Good
3369,5.2,Fair
3370,6.9,Good
3371,6.1,Good
3372,5,Fair
3373,7.8,Good
3374,7.4,Good
3375,6.8,Good
3376,7.1,Good
3377,6.4,Good
3378,5.7,Fair
3379,7.5,Good
3380,6.7,Good
3381,5.6,Fair
3382,7,Good
3383,7.6,Good
3384,6.5,Good
3385,7,Good
3386,6.3,Good
3387,6.4,Good
3388,7.1,Good
3389,7.1,Good
3390,6.5,Good
3391,6.9,Good
3392,5.4,Fair
3393,4.9,Fair
3394,5.1,Fair
3395,5.3,Fair
3396,7.5,Good
3397,8.3,Excellent
3398,7.3,Good
3399,7.3,Good
3400,7.1,Good
3401,6,Fair
3402,6.6,Good
3403,7.2,Good
3404,7.2,Good
3405,6.9,Good
3406,6.8,Good
3407,4,Bad
3408,7.7,Good
3409,7.4,Good
3410,6.5,Good
3411,6.4,Good
3412,7.2,Good
3413,5.6,Fair
3414,6.3,Good
3415,6.8,Good
3416,5.5,Fair
3417,6.9,Good
3418,6,Fair
3419,7.7,Good
3420,6.4,Good
3421,6.6,Good
3422,5.3,Fair
3423,8.1,Excellent
3424,5.9,Fair
3425,7.7,Good
3426,4.6,Fair
3427,5.1,Fair
3428,6.9,Good
3429,8,Good
3430,6.8,Good
3431,5.4,Fair
3432,6.5,Good
3433,4.2,Fair
3434,7.4,Good
3435,6.9,Good
3436,6.7,Good
3437,7.3,Good
3438,7.6,Good
3439,5.4,Fair
3440,7.3,Good
3441,6.4,Good
3442,6,Fair
3443,7.2,Good
3444,6,Fair
3445,3.1,Bad
3446,6.9,Good
3447,6.2,Good
3448,5.5,Fair
3449,6.9,Good
3450,6.3,Good
3451,4.8,Fair
3452,7.9,Good
3453,6.7,Good
3454,5.6,Fair
3455,5.4,Fair
3456,8,Good
3457,5.7,Fair
3458,7.6,Good
3459,7,Good
3460,7.2,Good
3461,6.2,Good
3462,3.5,Bad
3463,7.5,Good
3464,5.1,Fair
3465,6.7,Good
3466,9.2,Excellent
3467,6.1,Good
3468,7.7,Good
3469,7.6,Good
3470,6.1,Good
3471,4.9,Fair
3472,6.8,Good
3473,7,Good
3474,7.2,Good
3475,5.7,Fair
3476,7.3,Good
3477,7.5,Good
3478,7.4,Good
3479,7.2,Good
3480,6.5,Good
3481,9,Excellent
3482,6.8,Good
3483,6.8,Good
3484,5.2,Fair
3485,7.2,Good
3486,7.5,Good
3487,4,Bad
3488,6.8,Good
3489,6.9,Good
3490,8.2,Excellent
3491,7.3,Good
3492,6.1,Good
3493,7.8,Good
3494,6,Fair
3495,4.1,Fair
3496,7,Good
3497,7.1,Good
3498,6.2,Good
3499,6.9,Good
3500,7.6,Good
3501,7.6,Good
3502,6.4,Good
3503,6.2,Good
3504,7.5,Good
3505,2,Bad
3506,6.2,Good
3507,7.7,Good
3508,6.5,Good
3509,7.4,Good
3510,7.9,Good
3511,6.8,Good
3512,6.3,Good
3513,6.3,Good
3514,6.6,Good
3515,6.4,Good
3516,7.5,Good
3517,5.8,Fair
3518,6.5,Good
3519,4.8,Fair
3520,7.2,Good
3521,6.3,Good
3522,7,Good
3523,6.3,Good
3524,5.3,Fair
3525,2.3,Bad
3526,7.1,Good
3527,6.2,Good
3528,6.2,Good
3529,6.7,Good
3530,6.5,Good
3531,5.9,Fair
3532,6.7,Good
3533,6,Fair
3534,6.9,Good
3535,7.9,Good
3536,5.3,Fair
3537,4.8,Fair
3538,5.3,Fair
3539,6,Fair
3540,7.3,Good
3541,7.4,Good
3542,7.7,Good
3543,4.8,Fair
3544,7.2,Good
3545,5.8,Fair
3546,7.3,Good
3547,7,Good
3548,6.4,Good
3549,5.6,Fair
3550,8.2,Excellent
3551,6.5,Good
3552,6.4,Good
3553,8.1,Excellent
3554,5.4,Fair
3555,6.3,Good
3556,7.8,Good
3557,6.8,Good
3558,7.2,Good
3559,7.1,Good
3560,6.2,Good
3561,7.3,Good
3562,5.9,Fair
3563,7.2,Good
3564,3.6,Bad
3565,7.7,Good
3566,7.3,Good
3567,7.4,Good
3568,6.6,Good
3569,6.9,Good
3570,6.8,Good
3571,7.3,Good
3572,7.2,Good
3573,6.5,Good
3574,7.7,Good
3575,8.1,Excellent
3576,7.7,Good
3577,7.6,Good
3578,7.3,Good
3579,8.7,Excellent
3580,7.2,Good
3581,7.2,Good
3582,8.1,Excellent
3583,7.5,Good
3584,8.1,Excellent
3585,7.8,Good
3586,7.8,Good
3587,5.8,Fair
3588,7.6,Good
3589,7.4,Good
3590,6.3,Good
3591,6.9,Good
3592,8.6,Excellent
3593,5.1,Fair
3594,6.4,Good
3595,7.9,Good
3596,6.9,Good
3597,7.5,Good
3598,7.2,Good
3599,5.8,Fair
3600,2.9,Bad
3601,6.2,Good
3602,7.3,Good
3603,6.2,Good
3604,8.2,Excellent
3605,6.8,Good
3606,6.1,Good
3607,7.7,Good
3608,5.2,Fair
3609,6.8,Good
3610,6.5,Good
3611,7,Good
3612,5.9,Fair
3613,7.1,Good
3614,5.5,Fair
3615,7.4,Good
3616,7.3,Good
3617,4.6,Fair
3618,7.2,Good
3619,7,Good
3620,5.1,Fair
3621,6.7,Good
3622,5.3,Fair
3623,8.4,Excellent
3624,7.8,Good
3625,6.7,Good
3626,5.4,Fair
3627,7.2,Good
3628,5.8,Fair
3629,6.4,Good
3630,8,Good
3631,7,Good
3632,7,Good
3633,6.7,Good
3634,3.8,Bad
3635,5.7,Fair
3636,6.6,Good
3637,6.7,Good
3638,6.1,Good
3639,6.2,Good
3640,6.2,Good
3641,7.4,Good
3642,4.7,Fair
3643,8.3,Excellent
3644,7.2,Good
3645,5.8,Fair
3646,5.9,Fair
3647,6.3,Good
3648,7.2,Good
3649,5.4,Fair
3650,8.2,Excellent
3651,7.3,Good
3652,7.3,Good
3653,5.8,Fair
3654,6.1,Good
3655,7.1,Good
3656,6.5,Good
3657,7.9,Good
3658,5.4,Fair
3659,7.1,Good
3660,6.4,Good
3661,8.4,Excellent
3662,6.7,Good
3663,6.9,Good
3664,2.1,Bad
3665,4.3,Fair
3666,6.6,Good
3667,3.4,Bad
3668,8.3,Excellent
3669,7.2,Good
3670,5.6,Fair
3671,7.7,Good
3672,6.6,Good
3673,7.6,Good
3674,7.4,Good
3675,7.1,Good
3676,3.4,Bad
3677,7.9,Good
3678,6.7,Good
3679,6.6,Good
3680,7.9,Good
3681,4.9,Fair
3682,7.2,Good
3683,7.4,Good
3684,6.1,Good
3685,8.4,Excellent
3686,6.2,Good
3687,5.3,Fair
3688,5,Fair
3689,7.7,Good
3690,7.6,Good
3691,6.3,Good
3692,7.6,Good
3693,5.6,Fair
3694,7.3,Good
3695,6.2,Good
3696,6.6,Good
3697,6.6,Good
3698,7.3,Good
3699,6.6,Good
3700,6.9,Good
3701,5.8,Fair
3702,4.4,Fair
3703,6.6,Good
3704,7.1,Good
3705,7.6,Good
3706,4.6,Fair
3707,6.8,Good
3708,7.1,Good
3709,4.9,Fair
3710,7.3,Good
3711,7.2,Good
3712,5,Fair
3713,8.2,Excellent
3714,8,Good
3715,5.2,Fair
3716,8.5,Excellent
3717,6.5,Good
3718,7.4,Good
3719,7.7,Good
3720,7.4,Good
3721,5.1,Fair
3722,7.3,Good
3723,5,Fair
3724,7.2,Good
3725,6.7,Good
3726,6.4,Good
3727,7.1,Good
3728,5.6,Fair
3729,6.2,Good
3730,6.1,Good
3731,5.2,Fair
3732,7.3,Good
3733,7.5,Good
3734,6.6,Good
3735,6.4,Good
3736,4.5,Fair
3737,6.6,Good
3738,5.3,Fair
3739,4.9,Fair
3740,7.7,Good
3741,8,Good
3742,3.8,Bad
3743,7.6,Good
3744,5.9,Fair
3745,6.2,Good
3746,7.2,Good
3747,6.3,Good
3748,5.2,Fair
3749,6.9,Good
3750,6.8,Good
3751,6.2,Good
3752,6.2,Good
3753,3.5,Bad
3754,6.1,Good
3755,6.6,Good
3756,4.5,Fair
3757,5.9,Fair
3758,6.9,Good
3759,7.7,Good
3760,6.6,Good
3761,5.3,Fair
3762,6.3,Good
3763,7,Good
3764,7,Good
3765,6.6,Good
3766,8.6,Excellent
3767,6.4,Good
3768,7.9,Good
3769,5.4,Fair
3770,6.9,Good
3771,7.7,Good
3772,7.2,Good
3773,6.8,Good
3774,6.2,Good
3775,7.4,Good
3776,4.6,Fair
3777,6.4,Good
3778,7,Good
3779,7.7,Good
3780,6.8,Good
3781,7,Good
3782,7,Good
3783,6.3,Good
3784,7.1,Good
3785,5.6,Fair
3786,4.4,Fair
3787,7.1,Good
3788,6.1,Good
3789,7.4,Good
3790,7.5,Good
3791,7.2,Good
3792,7.6,Good
3793,7.3,Good
3794,6.2,Good
3795,6.2,Good
3796,4.6,Fair
3797,6.2,Good
3798,6.2,Good
3799,3.3,Bad
3800,7.5,Good
3801,4.2,Fair
3802,7.2,Good
3803,6.2,Good
3804,6.1,Good
3805,4.2,Fair
3806,4.5,Fair
3807,8.4,Excellent
3808,7.5,Good
3809,6.7,Good
3810,5.1,Fair
3811,5.5,Fair
3812,4.4,Fair
3813,4.4,Fair
3814,6.8,Good
3815,6.7,Good
3816,8.6,Excellent
3817,4.8,Fair
3818,3.4,Bad
3819,7.4,Good
3820,7.3,Good
3821,8,Good
3822,6.5,Good
3823,5.9,Fair
3824,6.8,Good
3825,7.4,Good
3826,6.7,Good
3827,6.8,Good
3828,5.4,Fair
3829,5.5,Fair
3830,7.4,Good
3831,5.7,Fair
3832,5.4,Fair
3833,3.2,Bad
3834,7.1,Good
3835,7.8,Good
3836,5.3,Fair
3837,7.2,Good
3838,6.2,Good
3839,5.9,Fair
3840,7.3,Good
3841,6.7,Good
3842,5.7,Fair
3843,7.1,Good
3844,7.2,Good
3845,7.4,Good
3846,7.7,Good
3847,7.7,Good
3848,7.4,Good
3849,8.4,Excellent
3850,7.1,Good
3851,7.2,Good
3852,7.5,Good
3853,5.4,Fair
3854,8.1,Excellent
3855,6,Fair
3856,7.8,Good
3857,6.8,Good
3858,6.5,Good
3859,7.7,Good
3860,6.4,Good
3861,6.5,Good
3862,7.3,Good
3863,6.6,Good
3864,7.9,Good
3865,5.9,Fair
3866,4.7,Fair
3867,8.7,Excellent
3868,5.9,Fair
3869,6.7,Good
3870,8.5,Excellent
3871,8.4,Excellent
3872,5.8,Fair
3873,6.1,Good
3874,7.3,Good
3875,6.7,Good
3876,7.6,Good
3877,7.2,Good
3878,6.2,Good
3879,5.8,Fair
3880,5.2,Fair
3881,8.1,Excellent
3882,7.1,Good
3883,6.5,Good
3884,7.3,Good
3885,6.2,Good
3886,5,Fair
3887,8,Good
3888,7.8,Good
3889,8.1,Excellent
3890,6.7,Good
3891,6.1,Good
3892,7.1,Good
3893,5.6,Fair
3894,7.6,Good
3895,4.3,Fair
3896,7.3,Good
3897,7.3,Good
3898,4.6,Fair
3899,6.8,Good
3900,7.5,Good
3901,7.1,Good
3902,7.3,Good
3903,8.3,Excellent
3904,5.4,Fair
3905,4,Bad
3906,8,Good
3907,6.7,Good
3908,5.7,Fair
3909,4.6,Fair
3910,4,Bad
3911,7,Good
3912,7.4,Good
3913,5.9,Fair
3914,4.6,Fair
3915,4.8,Fair
3916,7.5,Good
3917,4.7,Fair
3918,6.7,Good
3919,6.3,Good
3920,6,Fair
3921,6.7,Good
3922,7.1,Good
3923,2.7,Bad
3924,7.3,Good
3925,7.6,Good
3926,5.8,Fair
3927,6.5,Good
3928,6.6,Good
3929,6.2,Good
3930,6.9,Good
3931,8.5,Excellent
3932,4.8,Fair
3933,6.6,Good
3934,5.7,Fair
3935,7,Good
3936,5.4,Fair
3937,7.1,Good
3938,6.9,Good
3939,6.6,Good
3940,5.9,Fair
3941,6.3,Good
3942,6.3,Good
3943,7.7,Good
3944,7,Good
3945,6.3,Good
3946,5.9,Fair
3947,6.2,Good
3948,5,Fair
3949,7.7,Good
3950,6.5,Good
3951,6.1,Good
3952,5.8,Fair
3953,6.1,Good
3954,6,Fair
3955,6.3,Good
3956,6.3,Good
3957,7.5,Good
3958,7.6,Good
3959,5.2,Fair
3960,7.8,Good
3961,6.6,Good
3962,4.7,Fair
3963,6.7,Good
3964,4.2,Fair
3965,6.3,Good
3966,4.7,Fair
3967,6,Fair
3968,7.9,Good
3969,8.1,Excellent
3970,8.2,Excellent
3971,6,Fair
3972,6.8,Good
3973,7.3,Good
3974,7,Good
3975,7.3,Good
3976,7.5,Good
3977,6.8,Good
3978,7.1,Good
3979,6.9,Good
3980,6.9,Good
3981,6.9,Good
3982,8.4,Excellent
3983,7.9,Good
3984,7.2,Good
3985,7.8,Good
3986,3.5,Bad
3987,7.3,Good
3988,7.5,Good
3989,7.8,Good
3990,6,Fair
3991,7.3,Good
3992,8,Good
3993,7.6,Good
3994,7,Good
3995,7.5,Good
3996,6.8,Good
3997,3.9,Bad
3998,6.1,Good
3999,7.5,Good
4000,8.2,Excellent
4001,7.2,Good
4002,4.8,Fair
4003,7.8,Good
4004,5.2,Fair
4005,3.3,Bad
4006,6.8,Good
4007,7,Good
4008,6.5,Good
4009,5.7,Fair
4010,6.4,Good
4011,5.3,Fair
4012,4.7,Fair
4013,6.1,Good
4014,5.5,Fair
4015,7.3,Good
4016,4.8,Fair
4017,8.4,Excellent
4018,7,Good
4019,3.3,Bad
4020,5.4,Fair
4021,4.8,Fair
4022,3.1,Bad
4023,6.7,Good
4024,7.6,Good
4025,7.1,Good
4026,6.1,Good
4027,6.5,Good
4028,8.5,Excellent
4029,8.7,Excellent
4030,7.1,Good
4031,6.6,Good
4032,6.7,Good
4033,8.3,Excellent
4034,8.1,Excellent
4035,7.4,Good
4036,6.6,Good
4037,4.5,Fair
4038,6.4,Good
4039,7.5,Good
4040,8,Good
4041,8.1,Excellent
4042,7.2,Good
4043,7.5,Good
4044,7.2,Good
4045,6.4,Good
4046,7.6,Good
4047,7.8,Good
4048,5.7,Fair
4049,8.6,Excellent
4050,8.2,Excellent
4051,6.6,Good
4052,5.7,Fair
4053,7.4,Good
4054,8,Good
4055,7.3,Good
4056,5.4,Fair
4057,7.4,Good
4058,5.7,Fair
4059,6.8,Good
4060,5.4,Fair
4061,8.1,Excellent
4062,6.1,Good
4063,5.1,Fair
4064,5.6,Fair
4065,5.9,Fair
4066,8.2,Excellent
4067,5.3,Fair
4068,6.8,Good
4069,8.3,Excellent
4070,4.3,Fair
4071,6.7,Good
4072,7.2,Good
4073,6.9,Good
4074,6.6,Good
4075,5.9,Fair
4076,7.9,Good
4077,8.3,Excellent
4078,5.2,Fair
4079,7.8,Good
4080,7.8,Good
4081,3,Bad
4082,7.9,Good
4083,3.2,Bad
4084,6.5,Good
4085,6.9,Good
4086,7,Good
4087,7.4,Good
4088,7.8,Good
4089,6.9,Good
4090,4.4,Fair
4091,6,Fair
4092,6.6,Good
4093,7.8,Good
4094,5.3,Fair
4095,5.3,Fair
4096,8,Good
4097,7.1,Good
4098,5.4,Fair
4099,6.9,Good
4100,7.4,Good
4101,7.3,Good
4102,7.8,Good
4103,6.6,Good
4104,5.4,Fair
4105,8.4,Excellent
4106,6.3,Good
4107,6.1,Good
4108,5,Fair
4109,6.9,Good
4110,7.2,Good
4111,7.3,Good
4112,5.7,Fair
4113,5,Fair
4114,5.3,Fair
4115,7.9,Good
4116,5,Fair
4117,5.3,Fair
4118,6,Fair
4119,7.6,Good
4120,7.4,Good
4121,5.9,Fair
4122,4.1,Fair
4123,6.7,Good
4124,5.8,Fair
4125,6.2,Good
4126,5.3,Fair
4127,3.3,Bad
4128,6.5,Good
4129,6.2,Good
4130,5.9,Fair
4131,5.5,Fair
4132,5.5,Fair
4133,2.6,Bad
4134,5.8,Fair
4135,7.4,Good
4136,5.1,Fair
4137,5.2,Fair
4138,4.8,Fair
4139,3.9,Bad
4140,6.2,Good
4141,7,Good
4142,6.2,Good
4143,5.9,Fair
4144,8,Good
4145,7.3,Good
4146,4.9,Fair
4147,6.5,Good
4148,4.3,Fair
4149,6.4,Good
4150,7.6,Good
4151,6.8,Good
4152,6.1,Good
4153,4,Bad
4154,7.4,Good
4155,8.3,Excellent
4156,5.3,Fair
4157,8.1,Excellent
4158,8,Good
4159,5.7,Fair
4160,8.2,Excellent
4161,7.1,Good
4162,7.4,Good
4163,6.6,Good
4164,5.7,Fair
4165,6.9,Good
4166,7,Good
4167,7,Good
4168,7.8,Good
4169,5.9,Fair
4170,7.4,Good
4171,7.8,Good
4172,6,Fair
4173,5.3,Fair
4174,7.9,Good
4175,7.2,Good
4176,7.4,Good
4177,5.3,Fair
4178,8.3,Excellent
4179,7.6,Good
4180,5.1,Fair
4181,5.1,Fair
4182,4.9,Fair
4183,6.9,Good
4184,4.6,Fair
4185,6.3,Good
4186,7.9,Good
4187,6.7,Good
4188,7.1,Good
4189,7.6,Good
4190,8.1,Excellent
4191,6.6,Good
4192,7,Good
4193,7.6,Good
4194,6.7,Good
4195,7.1,Good
4196,7.6,Good
4197,7.1,Good
4198,7.1,Good
4199,7.7,Good
4200,7.6,Good
4201,6.6,Good
4202,6.7,Good
4203,5.7,Fair
4204,7.1,Good
4205,6.2,Good
4206,6.1,Good
4207,5.9,Fair
4208,6.8,Good
4209,5.8,Fair
4210,5,Fair
4211,6.3,Good
4212,6.8,Good
4213,5.1,Fair
4214,6.6,Good
4215,5,Fair
4216,7.7,Good
4217,3.1,Bad
4218,6.5,Good
4219,3.9,Bad
4220,6.8,Good
4221,7,Good
4222,5.9,Fair
4223,5.8,Fair
4224,7.3,Good
4225,7.8,Good
4226,7.8,Good
4227,6.9,Good
4228,5.7,Fair
4229,4.7,Fair
4230,5.9,Fair
4231,5.9,Fair
4232,4.3,Fair
4233,7.5,Good
4234,4.8,Fair
4235,5.8,Fair
4236,5.3,Fair
4237,6,Fair
4238,8.1,Excellent
4239,7,Good
4240,7.6,Good
4241,7.2,Good
4242,7.5,Good
4243,6.3,Good
4244,6.7,Good
4245,4.8,Fair
4246,5.5,Fair
4247,7.5,Good
4248,5.1,Fair
4249,7.4,Good
4250,7.3,Good
4251,6.9,Good
4252,6.8,Good
4253,8.4,Excellent
4254,7.6,Good
4255,7.6,Good
4256,7.7,Good
4257,7.6,Good
4258,5.3,Fair
4259,8.5,Excellent
4260,7,Good
4261,8,Good
4262,7.1,Good
4263,7.8,Good
4264,7.2,Good
4265,7.5,Good
4266,8,Good
4267,8.1,Excellent
4268,6.8,Good
4269,7.4,Good
4270,7.2,Good
4271,8.1,Excellent
4272,7,Good
4273,7.4,Good
4274,8.3,Excellent
4275,6.1,Good
4276,7.5,Good
4277,7,Good
4278,5.3,Fair
4279,4.7,Fair
4280,5.7,Fair
4281,8.1,Excellent
4282,7.8,Good
4283,6.5,Good
4284,8,Good
4285,3.3,Bad
4286,8.3,Excellent
4287,6.9,Good
4288,7.3,Good
4289,8.1,Excellent
4290,6.5,Good
4291,6.8,Good
4292,7.3,Good
4293,6.4,Good
4294,4.6,Fair
4295,6.5,Good
4296,7,Good
4297,5.4,Fair
4298,6.7,Good
4299,2.8,Bad
4300,7.4,Good
4301,5.8,Fair
4302,7.1,Good
4303,4.5,Fair
4304,7.9,Good
4305,5.3,Fair
4306,5.4,Fair
4307,4.8,Fair
4308,5.9,Fair
4309,6.2,Good
4310,5.9,Fair
4311,6.6,Good
4312,6.6,Good
4313,5.1,Fair
4314,6,Fair
4315,6.8,Good
4316,5.4,Fair
4317,5.2,Fair
4318,7.8,Good
4319,6.4,Good
4320,6.1,Good
4321,5.7,Fair
4322,5.5,Fair
4323,7.4,Good
4324,7.1,Good
4325,3.9,Bad
4326,4.6,Fair
4327,7.3,Good
4328,7.7,Good
4329,4.9,Fair
4330,6.3,Good
4331,6.1,Good
4332,6.6,Good
4333,5.7,Fair
4334,5.6,Fair
4335,6,Fair
4336,5.7,Fair
4337,7,Good
4338,5.3,Fair
4339,4.4,Fair
4340,3.4,Bad
4341,4.5,Fair
4342,3.4,Bad
4343,7.1,Good
4344,6.4,Good
4345,5.2,Fair
4346,7,Good
4347,7.3,Good
4348,8.1,Excellent
4349,5.8,Fair
4350,5.9,Fair
4351,6.4,Good
4352,7.5,Good
4353,7.8,Good
4354,6.3,Good
4355,7.2,Good
4356,5.6,Fair
4357,7.2,Good
4358,8,Good
4359,8.5,Excellent
4360,6.8,Good
4361,7.3,Good
4362,5.5,Fair
4363,7.3,Good
4364,6.3,Good
4365,5.1,Fair
4366,6.6,Good
4367,6.1,Good
4368,7.5,Good
4369,7,Good
4370,7.2,Good
4371,5.3,Fair
4372,8.7,Excellent
4373,3.4,Bad
4374,5.4,Fair
4375,7.8,Good
4376,6.7,Good
4377,4.7,Fair
4378,6.3,Good
4379,7.4,Good
4380,6.1,Good
4381,7.5,Good
4382,6.3,Good
4383,6.3,Good
4384,6.8,Good
4385,7.8,Good
4386,6.9,Good
4387,8,Good
4388,7.8,Good
4389,7.4,Good
4390,6.1,Good
4391,4.3,Fair
4392,3.5,Bad
4393,7.2,Good
4394,4.7,Fair
4395,7.3,Good
4396,7.9,Good
4397,5.1,Fair
4398,7.2,Good
4399,5.4,Fair
4400,3.7,Bad
4401,7.4,Good
4402,7.1,Good
4403,6.8,Good
4404,8.2,Excellent
4405,7,Good
4406,7.4,Good
4407,6.7,Good
4408,5.7,Fair
4409,9.1,Excellent
4410,7.6,Good
4411,7.2,Good
4412,7.5,Good
4413,6.8,Good
4414,6.9,Good
4415,7.9,Good
4416,7.6,Good
4417,6.7,Good
4418,5.8,Fair
4419,6.5,Good
4420,7.2,Good
4421,6.9,Good
4422,5.5,Fair
4423,6.5,Good
4424,6.2,Good
4425,6.7,Good
4426,5.7,Fair
4427,8.6,Excellent
4428,6.5,Good
4429,6.3,Good
4430,4.3,Fair
4431,6.1,Good
4432,6,Fair
4433,5.8,Fair
4434,6.7,Good
4435,6.7,Good
4436,7.6,Good
4437,5.1,Fair
4438,6.8,Good
4439,6.8,Good
4440,6.8,Good
4441,6.3,Good
4442,7.1,Good
4443,2.8,Bad
4444,8.2,Excellent
4445,3.1,Bad
4446,7,Good
4447,3.3,Bad
4448,3.6,Bad
4449,7.7,Good
4450,6.7,Good
4451,5.5,Fair
4452,6.6,Good
4453,4.8,Fair
4454,5.5,Fair
4455,6.3,Good
4456,6.9,Good
4457,6.5,Good
4458,8.2,Excellent
4459,7.1,Good
4460,7.3,Good
4461,8.1,Excellent
4462,7.2,Good
4463,7.4,Good
4464,6.5,Good
4465,5.7,Fair
4466,6.1,Good
4467,7.7,Good
4468,8.7,Excellent
4469,4.3,Fair
4470,6.2,Good
4471,3.3,Bad
4472,2.7,Bad
4473,5.2,Fair
4474,8.2,Excellent
4475,6.1,Good
4476,8,Good
4477,5.5,Fair
4478,5.7,Fair
4479,3.7,Bad
4480,7.1,Good
4481,7.8,Good
4482,7.3,Good
4483,4.1,Fair
4484,7.2,Good
4485,7.7,Good
4486,7.1,Good
4487,7.6,Good
4488,7,Good
4489,5.5,Fair
4490,7.4,Good
4491,7.7,Good
4492,7.2,Good
4493,7.8,Good
4494,6.6,Good
4495,6,Fair
4496,8.4,Excellent
4497,6.5,Good
4498,8.9,Excellent
4499,7.9,Good
4500,6,Fair
4501,6.1,Good
4502,7.4,Good
4503,6.2,Good
4504,5.6,Fair
4505,7.2,Good
4506,6.1,Good
4507,3.8,Bad
4508,7.1,Good
4509,4.5,Fair
4510,3.8,Bad
4511,6.2,Good
4512,6.6,Good
4513,4.6,Fair
4514,4.2,Fair
4515,6.8,Good
4516,7.7,Good
4517,7.1,Good
4518,5.9,Fair
4519,4.7,Fair
4520,7,Good
4521,6.9,Good
4522,6.1,Good
4523,7.6,Good
4524,3,Bad
4525,2.6,Bad
4526,8.6,Excellent
4527,6.1,Good
4528,7.5,Good
4529,6.7,Good
4530,8.1,Excellent
4531,4.9,Fair
4532,6.8,Good
4533,6.8,Good
4534,5.7,Fair
4535,8.3,Excellent
4536,6.6,Good
4537,7.3,Good
4538,5,Fair
4539,7,Good
4540,3.4,Bad
4541,5.9,Fair
4542,6,Fair
4543,7.4,Good
4544,7.4,Good
4545,4.2,Fair
4546,6.2,Good
4547,6.2,Good
4548,7.5,Good
4549,7.2,Good
4550,7.2,Good
4551,5.4,Fair
4552,7,Good
4553,7.2,Good
4554,7.9,Good
4555,6.8,Good
4556,6.7,Good
4557,7.5,Good
4558,6.8,Good
4559,6.9,Good
4560,6.8,Good
4561,7.2,Good
4562,7.4,Good
4563,5.6,Fair
4564,6.8,Good
4565,7.2,Good
4566,7.7,Good
4567,7,Good
4568,7.2,Good
4569,6.4,Good
4570,7.2,Good
4571,7.2,Good
4572,6.2,Good
4573,6.9,Good
4574,6.2,Good
4575,6.9,Good
4576,7,Good
4577,6.7,Good
4578,3.6,Bad
4579,6.3,Good
4580,7.4,Good
4581,7.4,Good
4582,7.3,Good
4583,6.1,Good
4584,6.7,Good
4585,8.2,Excellent
4586,7.7,Good
4587,7.3,Good
4588,7.4,Good
4589,5.7,Fair
4590,7.6,Good
4591,6.8,Good
4592,5.6,Fair
4593,4.8,Fair
4594,6.4,Good
4595,6.8,Good
4596,6.1,Good
4597,5.2,Fair
4598,6.9,Good
4599,6,Fair
4600,6.3,Good
4601,6.1,Good
4602,5.5,Fair
4603,6.9,Good
4604,5.6,Fair
4605,1.9,Bad
4606,4.1,Fair
4607,5.4,Fair
4608,6.8,Good
4609,7,Good
4610,6.7,Good
4611,5.8,Fair
4612,6.2,Good
4613,2.8,Bad
4614,7.3,Good
4615,5.8,Fair
4616,6.5,Good
4617,6.1,Good
4618,5.1,Fair
4619,2.2,Bad
4620,7.2,Good
4621,5.7,Fair
4622,3.4,Bad
4623,3.8,Bad
4624,4.7,Fair
4625,5.6,Fair
4626,3.9,Bad
4627,5.4,Fair
4628,5.2,Fair
4629,3.5,Bad
4630,5.3,Fair
4631,7,Good
4632,7.1,Good
4633,5.5,Fair
4634,5.9,Fair
4635,6,Fair
4636,4.8,Fair
4637,7.1,Good
4638,8.2,Excellent
4639,5.7,Fair
4640,7.9,Good
4641,7.3,Good
4642,7.1,Good
4643,6.4,Good
4644,5.9,Fair
4645,7.5,Good
4646,6.4,Good
4647,7.4,Good
4648,7.3,Good
4649,6.5,Good
4650,7.2,Good
4651,6.7,Good
4652,7.1,Good
4653,6,Fair
4654,6.7,Good
4655,5.6,Fair
4656,7,Good
4657,4.9,Fair
4658,3.2,Bad
4659,8.4,Excellent
4660,6.9,Good
4661,7.5,Good
4662,7.2,Good
4663,7.2,Good
4664,8,Good
4665,7.4,Good
4666,7.2,Good
4667,6.5,Good
4668,7.2,Good
4669,4.2,Fair
4670,5.1,Fair
4671,6.4,Good
4672,6.8,Good
4673,6.2,Good
4674,7.5,Good
4675,7.7,Good
4676,6.9,Good
4677,7,Good
4678,7.5,Good
4679,6.3,Good
4680,5.5,Fair
4681,4.8,Fair
4682,8.1,Excellent
4683,6.6,Good
4684,5.2,Fair
4685,5.6,Fair
4686,3.1,Bad
4687,8.1,Excellent
4688,8.3,Excellent
4689,7.1,Good
4690,8.1,Excellent
4691,7.2,Good
4692,6.3,Good
4693,4,Bad
4694,7.2,Good
4695,5.3,Fair
4696,7.2,Good
4697,6.5,Good
4698,6.5,Good
4699,4.9,Fair
4700,5.2,Fair
4701,7.4,Good
4702,7.4,Good
4703,5.4,Fair
4704,3.9,Bad
4705,5.3,Fair
4706,7.8,Good
4707,6.4,Good
4708,8.1,Excellent
4709,6.5,Good
4710,5.6,Fair
4711,5.6,Fair
4712,6.6,Good
4713,6.3,Good
4714,7.7,Good
4715,7,Good
4716,8,Good
4717,7.2,Good
4718,4.5,Fair
4719,7.7,Good
4720,7.2,Good
4721,6.1,Good
4722,6.4,Good
4723,6.5,Good
4724,7,Good
4725,6.1,Good
4726,5.7,Fair
4727,5.4,Fair
4728,5.9,Fair
4729,7.5,Good
4730,7.7,Good
4731,7.1,Good
4732,7.4,Good
4733,7.6,Good
4734,6.4,Good
4735,7.4,Good
4736,6.8,Good
4737,6.5,Good
4738,6,Fair
4739,7.3,Good
4740,7.3,Good
4741,6.5,Good
4742,6,Fair
4743,5.3,Fair
4744,6.6,Good
4745,6.1,Good
4746,7.1,Good
4747,8.7,Excellent
4748,8.4,Excellent
4749,5.8,Fair
4750,6.2,Good
4751,5.8,Fair
4752,6.7,Good
4753,5.7,Fair
4754,6.1,Good
4755,6.4,Good
4756,5,Fair
4757,6.5,Good
4758,4.6,Fair
4759,7.7,Good
4760,7.3,Good
4761,6.6,Good
4762,6.4,Good
4763,5.8,Fair
4764,7.2,Good
4765,7.2,Good
4766,3.5,Bad
4767,7.5,Good
4768,2.2,Bad
4769,3.3,Bad
4770,6.6,Good
4771,6.9,Good
4772,4,Bad
4773,7.4,Good
4774,8.3,Excellent
4775,5.7,Fair
4776,6.8,Good
4777,5.2,Fair
4778,6.4,Good
4779,6.2,Good
4780,5.9,Fair
4781,7.7,Good
4782,4.3,Fair
4783,7.1,Good
4784,6.2,Good
4785,6.8,Good
4786,7.7,Good
4787,8.2,Excellent
4788,7.5,Good
4789,7.6,Good
4790,4.1,Fair
4791,6.9,Good
4792,7.1,Good
4793,6.3,Good
4794,7.7,Good
4795,8.3,Excellent
4796,7.1,Good
4797,4.7,Fair
4798,7.7,Good
4799,7.2,Good
4800,5.1,Fair
4801,5.4,Fair
4802,6.9,Good
4803,8.2,Excellent
4804,6.1,Good
4805,6.1,Good
4806,6.9,Good
4807,5.8,Fair
4808,6,Fair
4809,8.2,Excellent
4810,8,Good
4811,7,Good
4812,6.3,Good
4813,7.6,Good
4814,6.1,Good
4815,7.2,Good
4816,7.8,Good
4817,4.7,Fair
4818,7.5,Good
4819,6.7,Good
4820,3.4,Bad
4821,7.9,Good
4822,8.9,Excellent
4823,6.9,Good
4824,8.2,Excellent
4825,7.3,Good
4826,8,Good
4827,6.7,Good
4828,6.6,Good
4829,6.9,Good
4830,7.1,Good
4831,5.6,Fair
4832,6.7,Good
4833,7.1,Good
4834,5.2,Fair
4835,7.7,Good
4836,7.5,Good
4837,7.6,Good
4838,8.1,Excellent
4839,5.5,Fair
4840,6.6,Good
4841,3.2,Bad
4842,7.4,Good
4843,6.6,Good
4844,6.2,Good
4845,4.8,Fair
4846,4.5,Fair
4847,7.2,Good
4848,4.3,Fair
4849,4.5,Fair
4850,6.4,Good
4851,6.4,Good
4852,7.3,Good
4853,6.9,Good
4854,4.3,Fair
4855,7.2,Good
4856,6.5,Good
4857,6.6,Good
4858,6.7,Good
4859,4.3,Fair
4860,7.3,Good
4861,6.4,Good
4862,7,Good
4863,5.5,Fair
4864,6.7,Good
4865,4.3,Fair
4866,6.1,Good
4867,6.8,Good
4868,3.9,Bad
4869,8.5,Excellent
4870,6.9,Good
4871,7.3,Good
4872,6.9,Good
4873,6.3,Good
4874,2.5,Bad
4875,5.7,Fair
4876,7,Good
4877,6.2,Good
4878,6.9,Good
4879,4.5,Fair
4880,7.8,Good
4881,4.4,Fair
4882,7.4,Good
4883,6.6,Good
4884,8,Good
4885,8.3,Excellent
4886,6.5,Good
4887,7.1,Good
4888,7.1,Good
4889,4,Bad
4890,7.5,Good
4891,7,Good
4892,4,Bad
4893,6.7,Good
4894,7.2,Good
4895,7,Good
4896,7.4,Good
4897,8,Good
4898,6.5,Good
4899,7.2,Good
4900,6.4,Good
4901,6.5,Good
4902,6.8,Good
4903,6.9,Good
4904,7.5,Good
4905,7.1,Good
4906,5.1,Fair
4907,6.2,Good
4908,3.9,Bad
4909,6,Fair
4910,6.8,Good
4911,7.4,Good
4912,8.1,Excellent
4913,6.5,Good
4914,8,Good
4915,7.7,Good
4916,7.2,Good
4917,5.4,Fair
4918,6.7,Good
4919,6.3,Good
4920,8.1,Excellent
4921,8.5,Excellent
4922,7.7,Good
4923,6.5,Good
4924,8.7,Excellent
4925,6.5,Good
4926,7,Good
4927,5.8,Fair
4928,5.5,Fair
4929,7,Good
4930,6.3,Good
4931,7.9,Good
4932,7.3,Good
4933,7.4,Good
4934,5.4,Fair
4935,7.1,Good
4936,7.5,Good
4937,8.4,Excellent
4938,7,Good
4939,5.3,Fair
4940,7.1,Good
4941,7.5,Good
4942,6.1,Good
4943,7.2,Good
4944,6.7,Good
4945,8.2,Excellent
4946,6.6,Good
4947,6.7,Good
4948,5.1,Fair
4949,7,Good
4950,7,Good
4951,8,Good
4952,7.4,Good
4953,5.4,Fair
4954,5.7,Fair
4955,6.7,Good
4956,4.2,Fair
4957,7.4,Good
4958,4.8,Fair
4959,7,Good
4960,7.3,Good
4961,5.8,Fair
4962,7,Good
4963,3.2,Bad
4964,6.8,Good
4965,7.7,Good
4966,5.6,Fair
4967,7.1,Good
4968,3.6,Bad
4969,6.8,Good
4970,7.6,Good
4971,6.6,Good
4972,8.3,Excellent
4973,7.5,Good
4974,5.4,Fair
4975,5.3,Fair
4976,4.5,Fair
4977,7.3,Good
4978,5.6,Fair
4979,5.6,Fair
4980,4.1,Fair
4981,6.8,Good
4982,6.3,Good
4983,5.8,Fair
4984,6.6,Good
4985,6.7,Good
4986,6.4,Good
4987,6.3,Good
4988,3.4,Bad
4989,4.7,Fair
4990,6,Fair
4991,7.3,Good
4992,7.9,Good
4993,6.1,Good
4994,7.4,Good
4995,6.6,Good
4996,5.5,Fair
4997,7.5,Good
4998,7.6,Good
4999,5,Fair
5000,3.2,Bad
5001,8.2,Excellent
5002,3.7,Bad
5003,6.3,Good
5004,4.1,Fair
5005,6.9,Good
5006,5.4,Fair
5007,6.5,Good
5008,7.8,Good
5009,6.7,Good
5010,6.4,Good
5011,7.3,Good
5012,5.7,Fair
5013,7,Good
5014,6.3,Good
5015,7.1,Good
5016,4.8,Fair
5017,3.3,Bad
5018,6.9,Good
5019,4.6,Fair
5020,3,Bad
5021,6.6,Good
5022,7.4,Good
5023,6.2,Good
5024,4,Bad
5025,6.1,Good
5026,6.9,Good
5027,7.5,Good
5028,6.7,Good
5029,7.4,Good
5030,6.1,Good
5031,5.4,Fair
5032,6.4,Good
5033,7,Good
5034,6.3,Good
5035,6.9,Good
5036,7.8,Good
5037,6.4,Good
5038,7.7,Good
5039,7.5,Good
5040,6.3,Good
5041,6.3,Good
5042,6.6,Good
